Available ,Supplier Name,Part Number,Manufacturer Part ,UPC Code,Secondary,Description,Retail Price,Category,Last Received ,Manufacturer,Store-Store Name
2,WESTERN POWER ,87-9112,58061,86699580610,58061,TIRE ANAKEE WILD FRONT 90/90-2,222.95,TIR,05/29/2026,MICHELIN,AllTerrain
291,BRP ,415130363,,,LMAR9AI-8D,SPARK PLUG LMAR9AI-8D,31.99,PLG,07/23/2026,,AllTerrain
3,PARTS UNLIMITED,21130637,300758,3564093007584,300758,BATTERY BS BTX14AH (,114.99,BAT,08/27/2026,BS BATTERY,Rifle
3,PARTS UNLIMITED,21130632,300680,3661453006802,300680,BATTERY BS BTX12 (FA),114.99,BAT,07/14/2026,BS BATTERY,Rifle
1,WESTERN POWER ,49-2257,CT7B-BS,191361094033,CT7B-BS,BATTERY CT7B-BS MAINTENANCE FR,68.99,BAT,09/03/2026,FIRE POWER,AllTerrain
1,WESTERN POWER ,49-2243,CTX4L-BS(FA),191361093906,CTX4L-BS(FA),BATTERY CTX4L/CT4L SEALED FACTORY ,41.99,BAT,01/15/2025,FIRE POWER,Rifle
1,WESTERN POWER ,490-2903,030-0025-07-02,191361493935,030-0025-07-02,5 BANK BATTERY CHARGER 12V 2A/5A,577.99,BAT,03/07/2026,FIRE POWER,AllTerrain
12,WESTERN POWER ,2-DPR7EA-9,5129,087295151297,5129,SPARK PLUG #5129/10,6.99,PLG,04/25/2025,NGK,Rifle
4,WHEEL PROS,KS23557044710,KS23557044710,194933000000,,KMC GRENADE BEADLOCK 4/156 15X7 10MM BLK,317.00,WHL,05/08/2026,,AllTerrain
1,PARTS UNLIMITED,03130730,45236470,333700A100,45236470,TIRE MX53 90/100-14,82.95,DTR,07/29/2026,DUNLOP,AllTerrain
46,LEGACY ,NUT23,,,,12X1.25 Black 6 Spline Lug,2.49,WHL,02/19/2025,,AllTerrain
1,KAWASAKI,41009-0001,,410090001,,"TIRE,FR,90/90-21 54S,",84.33,TIR,02/11/2026,,AllTerrain
2,PARTS UNLIMITED,03190283,TM00912100,4717784514222,0319-0283,TIRE BIGHORN 2.0 27X11-14,265.00,ATR,08/18/2026,MAXXIS,AllTerrain
2,WESTERN POWER ,570-4072,MR269R128PLY,191361314209,MR269R128PLY,TIRE MUD REBEL R/T 26X9R12 RADIAL 8PR ,209.95,ATR,07/16/2026,SEDONA,Rifle
3,WESTERN POWER ,532-0103,AC-06652-5BK,191361279195,AC-06652-5BK,"WHEEL SPACER 1"" 4/137 STUD: 12MM X 1.5MM",106.95,WHL,08/22/2024,OPEN TRAIL,Rifle
7,KAWASAKI,BR8EG,,BR8EG,,SPARK PLUG BR8EG,10.99,PLG,07/14/2026,,AllTerrain
6,HONDA,31916-KPH-901,,,,S/PLG (CPR6EA-9),14.99,PLG,05/01/2026,,AllTerrain
4,PARTS UNLIMITED,03201136,,,,TIRE INSURGENT 32X10X15,297.95,ATR,04/18/2023,,AllTerrain
4,KAWASAKI,ILZKAR7A10,,,,ILZKAR7A10,3.00,PLG,,,AllTerrain
14,BRP ,DCPR9E,,,,SPARK PLUG (278002297),5.30,PLG,05/27/2015,,AllTerrain
3,AMPED OFFROAD,FALCON-TIRE,,,,FALCON PRO STOCK TIRE 70/100-19,99.00,DTR,03/24/2026,,AllTerrain
1,PARTS UNLIMITED,03050517,4525500,8019227452556,0305-0517,TIRE ME888 130/60B19 61H,237.34,TIR,07/03/2026,METZELER,AllTerrain
14,LEGACY ,LUG5,,,,Lug Nut Chrome 12mm x 1.5 Beve,1.10,WHL,05/24/2022,,AllTerrain
2,AUTOMATIC ,TB05EMA,,087295186367,TB05EMA,SPARK PLUG CAP,5.08,PLG,,,AllTerrain
1,WESTERN POWER ,873-1646,45278506,848983039866,45278506,TIRE GEOMAX MX54 FRONT 80/100-21 51M BIAS ,131.95,DTR,08/20/2026,DUNLOP,AllTerrain
1,WESTERN POWER ,873-1653,45278513,848983039934,45278513,TIRE GEOMAX MX54 REAR 120/90-18 65M BIAS TT,142.95,DTR,09/03/2026,DUNLOP,AllTerrain
6,AUTOMATIC ,LB05E,,,,NGK PLUG RESISTOR COVER,2.30,PLG,,,AllTerrain
13,BRP ,BR8ECS,,,512060029,SOLID(512060029),11.58,PLG,02/21/2019,,AllTerrain
10,YAMAHA (866-488-,LFR-6A000-00-00,,LFR6A0000000,LFR6A,LFR6A-00 NGK 10PK,12.99,PLG,07/14/2026,,AllTerrain
3,KAWASAKI,B6HS,,B6HS,087295175347,TR380007,4.99,PLG,09/09/2003,,AllTerrain
1,PARTS UNLIMITED,91,,,,PLUG CAP PAIR,6.99,PLG,07/01/2022,PARTS UNLIMITED,AllTerrain
1,KAWASAKI,IZFR6F-11,,IZFR6F11,,SPARK PLUG IZFR6F-11,25.99,PLG,05/05/2014,,AllTerrain
4,WESTERN POWER ,2-MR9F,95884,087295958841,MR9F,SPARK PLUG #95884/ MR9F,17.99,PLG,05/07/2026,NGK,Rifle
2,WESTERN POWER ,873-1650,45278510,848983039903,45278510,TIRE GEOMAX MX54 REAR 90/100-16 51M BIAS TT,85.95,DTR,05/27/2026,DUNLOP,Rifle
1,WESTERN POWER ,873-1655,45278515,848983039958,45278515,TIRE GEOMAX MX54 REAR 110/90-19 62M BIAS TT,155.95,DTR,05/26/2026,DUNLOP,Rifle
2,WESTERN POWER ,873-1652,45278512,848983039927,45278512,TIRE GEOMAX MX54 REAR 110/100-18 64M BIAS ,137.95,DTR,05/26/2026,DUNLOP,Rifle
15,KAWASAKI,CR9EIX,,CR9EIX,CR9EIX,NGK IRIDIUM SPARK PLUG,16.99,PLG,11/29/2010,,AllTerrain
1,WESTERN POWER ,873-1647,45278507,848983039873,45278507,TIRE GEOMAX MX54 REAR 70/100-10 41J BIAS TT,56.95,DTR,07/09/2026,DUNLOP,Rifle
2,WESTERN POWER ,873-1642,45278502,848983039828,45278502,TIRE GEOMAX MX54 FRONT 60/100-12 36J BIAS ,55.95,DTR,07/07/2026,DUNLOP,Rifle
2,WESTERN POWER ,873-1656,45278516,848983039965,45278516,TIRE GEOMAX MX54 REAR 120/80-19 63M BIAS TT,157.95,DTR,05/26/2026,DUNLOP,Rifle
1,WESTERN POWER ,873-1651,45278511,848983039910,45278511,TIRE GEOMAX MX54 REAR 100/100-18 59M BIAS ,144.95,DTR,06/02/2026,DUNLOP,Rifle
5,YAMAHA (866-488-,94701-00444-00,,947010044400,,"PLUG, SPARK LMAR8E-J",45.99,PLG,03/27/2024,,AllTerrain
2,WESTERN POWER ,873-1644,45278504,848983039842,45278504,TIRE GEOMAX MX54 FRONT 70/100-17 40M BIAS ,66.95,DTR,05/26/2026,DUNLOP,Rifle
1,WESTERN POWER ,570-5411,570-5411,191361554254,570-5411,TIRE RIDGE RIPR 30X10.00R14 8PR LR910,261.95,ATR,04/30/2026,SEDONA,AllTerrain
8,WESTERN POWER ,570-5434,570-5434,191361554353,570-5434,TIRE TRAIL RIPR 32X10.00R15 8PR LR990,281.95,ATR,04/30/2026,SEDONA,AllTerrain
1,PARTS UNLIMITED,03120476,05951,086699059512,05951,TIRE SC6MH 80/100-21 51M,125.95,DTR,06/03/2026,MICHELIN,AllTerrain
4,WESTERN POWER ,3-151256,15S3-1256,748252682390,15S3-1256,ST3 WHEEL 15X7 5+2 (+40MM) 4/156 MATTE ,229.62,WHL,04/30/2026,SYSTEM 3,AllTerrain
6,AMPED OFFROAD,FALCON-TIRE-GT,,,,79BIKE-GT-18,110.00,DTR,03/25/2026,,AllTerrain
131,POLARIS,3022662,,P3022662,MR7F,*** SPARK PLUG-10 MM NGK-MR7F,13.99,PLG,09/03/2026,,AllTerrain
2,Triumph Motorcycles ,T2500590,,,,"BATTERY, 12V, 1",136.99,BAT,03/17/2026,,AllTerrain
1,Triumph Motorcycles ,T2500183,,,,"BATTERY,SEALED,",110.99,BAT,11/28/2025,,AllTerrain
2,YAMAHA (866-488-,BTX-20HL0-00-00,,BTX20HL00000,,BS SLA - BTX20HL FA,146.99,BAT,03/06/2024,,Rifle
1,HONDA,31500-MCA-003AH,,,,BATTERY (CYTX20L-BS),140.99,BAT,,,AllTerrain
1,INDIAN ,4082075,,,,"BATT-12V240CCA,12AH,YTX14H,CO",146.99,BAT,08/21/2026,,AllTerrain
4,CUSTOM WHEEL ,MR40157047852B,,,,"MR401 UTV Beadlock, 15x7, 5+2+38mm Offset, ",299.95,WHL,07/27/2023,,AllTerrain
10,KAWASAKI,BR8ECM,,BR8ECM,BR8ECM,NGK SPARK PLUG,18.99,PLG,06/23/2026,,AllTerrain
1,TURN 14 ,318561,,697662121800,,MX52 60/100-12 I/T-H/T FRT,49.95,DTR,03/18/2016,,AllTerrain
3,METAL FX WHEELS,38376,,,,DELTA 6R BEADLOCK15X6 6X139.7,699.99,WHL,07/02/2025,,AllTerrain
1,PARTS UNLIMITED,IRC178,T10175,,IRC-178,VE-33 110/90-19 ENDURO,149.95,DTR,12/21/2023,IRC,AllTerrain
4,VALOR OFFROAD,V06-1580P4005GB,,,,V06 BEADLOCK 15x8 +40 5X114.3 GLOSS BLACK,304.00,WHL,08/19/2026,,AllTerrain
2,WESTERN POWER ,873-1641,45278501,848983039811,45278501,TIRE GEOMAX MX54 FRONT 60/100-10 33J BIAS ,58.95,DTR,07/07/2026,DUNLOP,Rifle
4,VALOR OFFROAD,VAT-351000R15H2,,,,VALOR ALPHA 35C10R15 H2,399.00,ATR,04/23/2025,,Rifle
1,SUZUKI,09482-00660,,,,"PLUG,SPARK DIMR8C10",38.83,PLG,01/03/2024,,AllTerrain
4,WHEEL PROS,MY-32-10-15,MY-32-10-15,806454000000,,MOTORALLY 32X10R15 8 PLY,273.00,ATR,08/11/2026,,AllTerrain
2,PARTS UNLIMITED,RCB14AA2,,,RCB14A-A2,BATTERY YB14A-A2,74.99,BAT,06/24/2026,PARTS UNLIMITED,AllTerrain
2,KTM OEM,U698210,,,,DUNLOP TIRE AT82 110/100-18,164.95,DTR,02/10/2026,,Rifle
4,WHEEL PROS,N207-970,,,,33X9.5X15 SXS NITTO TRAIL GRAPPLER,329.99,ATR,07/07/2026,,Rifle
4,WHEEL PROS,N209-500,,,,35X9.5OR15LT  SXS NITTO TRAIL GRAPPLER 34.5 ,389.95,ATR,07/07/2026,,Rifle
2,KTM OEM,U698220,,,,DUNLOP TIRE AT82 120/90-18,155.95,DTR,02/10/2026,,Rifle
29,BRP ,415129484,,,PFR7AB,PFR7AB SPARK PLUG can sub 21030216,30.49,PLG,02/13/2024,,AllTerrain
1,WESTERN POWER ,57-9239,1223050014B,033259222732,,DELTA BLK F/R 12X7 4+3 4/110 G,71.10,WHL,07/15/2026,ITP,AllTerrain
8,WHEEL PROS,KS2CAP44-SB2,,,,KS CAP BOLT-ON (SB/CH/SB) 4X156,19.99,WHL,12/12/2023,,AllTerrain
2,Triumph Motorcycles ,T2507730,,,,"BATTERY, LITHIU",216.43,BAT,08/26/2022,,AllTerrain
8,KIMPEX,BR9ECSIX-5,,,,BR9ECSIX-5 ,0.99,PLG,,,AllTerrain
5,BRP ,515176728,,,BR9ECSIX,SPARK PLUG BR9ECSIX,18.99,PLG,,,AllTerrain
5,KAWASAKI,CR7EK,,CR7EK,,SPARK PLUG CR7EK,14.99,PLG,,,AllTerrain
16,KAWASAKI,CPR6EB9,,CPR6EB9,,SPARK PLUG CPR6EB-9,8.99,PLG,04/22/2025,,AllTerrain
3,KAWASAKI,BR6HSA,,BR6HSA,,BR6HSA,4.99,PLG,,,AllTerrain
4,HONDA,31912-MBW-E11,,,,S/PLG (IMR9C-9H),17.99,PLG,09/26/2025,,AllTerrain
5,HONDA,31911-KSK-731,,,,S/PLG (BR9EG-N-8),8.99,PLG,,,AllTerrain
9,KAWASAKI,CR9EH9,,CR9EH9,CR9EH-9,NGK SPARK PLUG,14.99,PLG,01/04/2011,,AllTerrain
1,KAWASAKI,DCPR7EIX,,DCPR7EIX,,SPARK PLUG DCPR7EIX,15.99,PLG,,,AllTerrain
3,Husqavarna - East of ,93839093000,,,,SPARK PLUG BOSCH VR6NEU M12X1.,11.99,PLG,07/15/2021,,AllTerrain
2,BRP ,415130430,,,,SPARK PLUG,30.49,PLG,05/17/2024,,AllTerrain
12,HONDA,31917-MKC-A01,,,,S/PLG (CR6HSB-9),6.99,PLG,03/21/2026,,AllTerrain
3,HONDA,98059-57916,,,,SPARK PLUG (CR7EH9),8.99,PLG,,,AllTerrain
1,WESTERN POWER ,87-4447,87-4447,191361315688,87-4447,TIRE 241 SERIES FRONT/REAR 2.7,86.95,TIR,04/29/2025,SHINKO,AllTerrain
6,DUCATI CAGIVA,67040451A,,,,SPARK PLUG NGK MAR9A-J,50.75,PLG,07/07/2026,,AllTerrain
6,KAWASAKI,CR8HSA,,CR8HSA,,SPARK PLUG CR8HSA,4.99,PLG,03/23/2010,,AllTerrain
4,KAWASAKI,D8HA,,D8HA,087295171127,TR380037,4.99,PLG,08/23/2005,,AllTerrain
2,HONDA,98079-5814E,,,,S/PLG (BKR8E-11),2.99,PLG,,,AllTerrain
3,HONDA,98079-5917U,,,FR9BI-11,S/PLG (FR9BI-11),15.99,PLG,,,AllTerrain
8,KAWASAKI,BP8ES,,BP8ES,BP8ES,NGK SPARK PLUG,4.99,PLG,,,AllTerrain
6,POLARIS,3022225,,P3022225,REA8MCX,SPARK PLUG 12MM REA8MCX,9.99,PLG,12/20/2023,,AllTerrain
9,KAWASAKI,BPR7HS,,BPR7HS,BPR7HS,NGK SPARK PLUG,4.99,PLG,11/17/2022,,AllTerrain
9,KAWASAKI,BR10EG,,BR10EG,,SPARK PLUG BR10EG,10.99,PLG,09/11/2026,,AllTerrain
4,WESTERN POWER ,3-0965,S3-0965,748252682390,S3-0965,TIRE XC450 32X10R-15,334.83,ATR,01/09/2024,SYSTEM 3,AllTerrain
4,KAWASAKI,BR10ES,,BR10ES,BR10ES,NGK SPARK PLUG,4.99,PLG,03/06/2025,,AllTerrain
19,KAWASAKI,CR7E,,CR7E,,SPARK PLUG CR7E,9.99,PLG,08/12/2026,,AllTerrain
11,KAWASAKI,CR9EIA9,,CR9EIA9,,CR9EIA9 SPARK PLUG,18.99,PLG,06/23/2026,,AllTerrain
9,KAWASAKI,BR8HSA,,BR8HSA,,NGK STOCK 5539,4.99,PLG,,,AllTerrain
12,KAWASAKI,CR6E,,CR6E,087295169650,TR380184*,9.99,PLG,02/26/2026,,AllTerrain
4,WESTERN POWER ,2-DR8EA,7162,087295171622,7162,SPARK PLUG #7162/10,5.99,PLG,08/26/2026,NGK,Rifle
7,KAWASAKI,CR9EB,,CR9EB,,SPARK PLUG CR9EB,9.99,PLG,04/23/2026,,AllTerrain
8,WESTERN POWER ,3-0166,S3-0166,748252682390,S3-0166,TIRE RT320 33X9.50R-15,331.31,ATR,06/18/2025,SYSTEM 3,AllTerrain
4,KAWASAKI,DCPR6E,,DCPR6E,98069-5697Q,SPARK PLUG DCPR6E,5.99,PLG,08/12/2026,,AllTerrain
4,HONDA,31909-MJP-G51,,,SILMAR8A9S,S/PLG (SILMAR8A9S),35.42,PLG,09/10/2026,,AllTerrain
4,TURN 14 ,MRWMR40155047346,MR40155047346B2,191682012235,MR40155047346B2,MR401-R 15X5 4/136 5+0 SBL MA,446.00,WHL,07/26/2023,METHOD WHEELS,AllTerrain
4,WESTERN POWER ,2-BR9ES,5722,087295157220,BR9ES,SPARK PLUG #5722/04,5.99,PLG,06/17/2026,NGK,Rifle
4,PARTS UNLIMITED,03201186,93452,086699934529,93452,TIRE BFG KM3 28X9R14,259.99,ATR,02/17/2026,BF Goodrich,Rifle
2,PARTS UNLIMITED,03201146,1017360,,1017360,TIRE RATTLER MSE 21X7-10,81.95,ATR,01/05/2024,MOOSE OFFROAD,Rifle
7,BRP ,415129898,,,,LEAD BATTERY 18 AMPERES,164.99,BAT,07/07/2026,,AllTerrain
1,TURN 14 ,QBS608492,608492,887337304250,608492,QUADBOSS STEELY WHEEL 14X7 - 4+3 - 4/137,99.99,WHL,07/16/2026,QUADBOSS,AllTerrain
1,PARTS UNLIMITED,03120377,45236955,333692A100,45236955,TIRE MX53 60/100-12,60.95,DTR,05/02/2024,DUNLOP,Rifle
14,KAWASAKI,BKR5E,,BKR5E,087295179383,TR380152,4.99,PLG,06/04/2026,,AllTerrain
1,PARTS UNLIMITED,RCB7BB,,,,BATTERY YB7B-B,65.99,BAT,04/24/2024,PARTS UNLIMITED,Rifle
1,TURN 14 ,MRWMR41157012552,MR41157012552,191682034602,MR41157012552,METHOD MR411 BEAD GRIP 15X7 / 5+2/38MM ,230.00,WHL,04/16/2026,METHOD WHEELS,AllTerrain
4,VALOR OFFROAD,V09-1570P4037SB,,,,V09 BEADLOCK FLOW FORM 15X7 +40 4X137 ,375.00,WHL,06/25/2025,,Rifle
4,POLARIS,3022553,,P3022553,3022553,SPARKPLUG-12MM AUTOLITE 5682,11.99,PLG,01/02/2026,,AllTerrain
10,TURN 14 ,QBS608817,608817,608817,608817,QUADBOSS SPLINE LUG NUTS 12X1.25 - BLACK,35.99,WHL,07/31/2025,QUADBOSS,AllTerrain
14,VALOR OFFROAD,V12X150B-KIT5,,,,"12X1.50 SPLINE 5 LUG KIT 1.38"" BLACK",29.99,WHL,07/29/2026,,AllTerrain
1,PARTS UNLIMITED,LB05EZ,,087295187449,LB05EZ,SPARK PLUG CAP,2.50,PLG,08/30/2022,,AllTerrain
2,TURN 14 ,QBS608819,608819,887337322414,608819,QUADBOSS SPLINE LUG NUTS 12X1.5 - BLACK,35.99,WHL,03/25/2026,QUADBOSS,AllTerrain
1,KTM OEM,U693400,,,,DUNLOP TIRE MX34 80/100-21,144.95,DTR,05/05/2026,,Rifle
4,POLARIS,3023413,,,,SPARK PLUG-10MM(4),12.99,PLG,07/21/2026,,Rifle
2,YAMAHA (866-488-,LMA-R8GI8-00-00,,LMAR8GI80000,LMAR8GI8,"PLUG, SPARK (NGK LMAR8GI-8)",27.99,PLG,05/21/2026,,AllTerrain
2,TURN 14 ,781117,,887337004648,781117,BB10A-A2,59.80,BAT,07/28/2023,,AllTerrain
4,WESTERN POWER ,3-0365,S3-0365,748252682390,S3-0365,TIRE XCR350 32X10R-15,385.21,ATR,08/26/2026,SYSTEM 3,AllTerrain
10,SUZUKI,09482-00456,,,,SPARK PLUG CR8E,9.99,PLG,07/15/2025,,Rifle
8,POLARIS,3022809,,P3022809,MR8F,SPARK-PLUG MR8F,12.99,PLG,03/28/2025,,AllTerrain
4,INDIAN ,3076352,,,,SPARK PLUG-10MM,21.99,PLG,04/16/2026,,AllTerrain
3,PARTS UNLIMITED,21130627,300670,3564093006709,300670,BATTERY BS BTX5L (FA,69.99,BAT,07/18/2026,BS BATTERY,AllTerrain
8,PARTS UNLIMITED,21130936,300932,3564093009328,300932,BATTERY BS BGZ16HL SLA MAX,177.99,BAT,05/12/2026,BS BATTERY,Rifle
5,KAWASAKI,BPR5ES,,BPR5ES,BPR5ES,NGK SPARK PLUG,4.99,PLG,01/23/2026,,AllTerrain
1,WHEEL PROS,MY-37-10-15,MY-37-10-15,806454000000,,EFX MOTORALLEY 37X10R15,385.00,ATR,11/21/2024,,AllTerrain
4,WHEEL PROS,MA050MT15701210,MA050MT15701210,0,,CLUBBER UTV 15X7 5X4.5 72 +10 M-BLK DDT,210.00,WHL,09/04/2025,,AllTerrain
4,HONDA,31909-HL4-003,,,SILMAR7A9S,SILMAR7A9S,25.99,PLG,08/26/2026,,AllTerrain
192,LEGACY ,NUT22,,,,12X1.5 CHROME 6 SPLINE LUG NUT,1.99,WHL,05/03/2025,,AllTerrain
1,WESTERN POWER ,873-0691,45234195,,45234195,TIRE GEOMAX MX33 REAR 90/100-18 54M BIAS TT,145.95,DTR,08/19/2026,DUNLOP,AllTerrain
42,BRP ,715900637,,,DCPR8E, DCPR8E/SPARK PLUG ,9.99,PLG,07/24/2026,,Rifle
1,HONDA,98079-5517U,,,,SPARK PLUG IFR5L-11,21.99,PLG,07/28/2026,,AllTerrain
4,AUTOMATIC ,0270I,0270I,841924001168,,"TIRE CHAIN ADJUSTER 10"" OR LARGER",17.95,ATR,01/19/2024,WALLINGFORDS,AllTerrain
1,AUTOMATIC ,250087,042701852B0,047853154146,,KENDA K270 DUAL SPORT 4.10-18,91.95,TIR,12/27/2023,KENDA,AllTerrain
1,BETA USA,021.11.008.00.00,,,,"PLUG SPARK, NGK CR8E GAP.0,8 125 LC",41.33,PLG,,,AllTerrain
1,PARTS UNLIMITED,03130721,45236865,333703A100,45236865,TIRE MX53 100/100-18,157.95,DTR,12/17/2025,DUNLOP,Rifle
1,AUTOMATIC ,835149,11460,092971302597,,BRIDGESTONE - BATTLAX ADVENTURE CROSS ,298.76,TIR,04/29/2025,BRIDGESTONE,AllTerrain
1,PARTS UNLIMITED,03120563,45261500,353294A100,45261500,TIRE AT82 80/100-21 51M,134.95,DTR,07/16/2026,DUNLOP,AllTerrain
12,KAWASAKI,CR9EKPA,,CR9EKPA,CR9EKPA,NGK SPARK PLUG,25.99,PLG,07/01/2011,,AllTerrain
1,PARTS UNLIMITED,21130639,300766,3564093007669,300766,BATTERY BS BTX20CH (FA),139.99,BAT,05/19/2026,BS BATTERY,Rifle
6,WESTERN POWER ,2-BR8ES-S,3961,087295139615,3961,SPARK PLUG #3961/04 SOLID,5.99,PLG,04/25/2025,NGK,Rifle
19,LEGACY ,LUGP-10,,,,12MM X 1.5 TAPERERED SPLINE CHROME,2.99,WHL,03/28/2024,,Rifle
1,PARTS UNLIMITED,03130907,95670,086699956705,95670,TIRE SC6MH 120/80-19 63M,152.95,DTR,06/03/2026,MICHELIN,AllTerrain
1,Triumph Motorcycles ,T2502450,,,,"BATTERY,20AH",132.99,BAT,06/06/2025,,AllTerrain
4,Husqavarna - East of ,60439093000,,,,SPARK PLUG M12X1.25,32.77,PLG,09/26/2025,,AllTerrain
1,PARTS UNLIMITED,03120277,3091,092971244712,0312-0277,TIRE X40 80/100-21 51M,149.26,DTR,08/20/2025,BRIDGESTONE,AllTerrain
12,CF MOTO,0NYV-170200-1000,,,,SPARK PLUG,29.99,PLG,05/15/2026,,AllTerrain
10,PARTS UNLIMITED,03650101EA,,,,WHEEL WEIGHT .50OZ EACH,5.99,WHL,,,AllTerrain
10,PARTS UNLIMITED,03650102EA,,,,WHEEL WEIGHT .75OZ EACH,6.49,WHL,,,AllTerrain
10,PARTS UNLIMITED,03650103EA,,,,WHEEL WEIGHT 1OZ EACH,6.99,WHL,,,AllTerrain
2,PARTS UNLIMITED,21130358,YUAM732GHL,,YUAM732GHL,BATTERY GYZ32HL,301.95,BAT,07/24/2026,YUASA,AllTerrain
1,WESTERN POWER ,2-CR8EK,3478,087295134788,3478,SPARK PLUG #3478/10,18.99,PLG,04/25/2025,NGK,Rifle
1,WESTERN POWER ,49-2276,CTX15L-BS,191361094200,CTX15L-BS,BATTERY CTX15L-BS MAINTENANCE FREE,151.99,BAT,,FIRE POWER,Rifle
14,HONDA,31916-HN8-F41,,,CPR6EB9,S/PLG (CPR6EB-9),12.99,PLG,04/18/2025,,AllTerrain
6,EBAY ,VD05F-EBAY,,,,SPARK PLUG RESISTOR COVER VD05F,12.99,PLG,01/06/2023,,AllTerrain
1,CF MOTO,6KMV-151600-M000-,,,MISCELLANEOUS,BATTERY,54.99,BAT,09/01/2026,,AllTerrain
1,PARTS UNLIMITED,03160270,,,2612700,TIRE TRNC NEXT 120/7,258.37,TIR,08/11/2023,,AllTerrain
2,KAWASAKI,CR10EK,,CR10EK,CR10EK,NGK SPARK PLUG,14.99,PLG,08/08/2025,,AllTerrain
5,PARTS UNLIMITED,21130637,300758,3564093007584,300758,BATTERY BS BTX14AH-FA,114.99,BAT,08/28/2026,BS BATTERY,AllTerrain
2,KAWASAKI,BMR2A,,BMR2A,,SPARK PLUG BMR2A,5.99,PLG,02/02/2017,,AllTerrain
79,KAWASAKI,BR9EYA,,BR9EYA,087295175484,TR380156,5.99,PLG,03/23/2024,,AllTerrain
9,Husqavarna - East of ,A40039093010,,,,SPARK PLUG BRISK,6.99,PLG,07/18/2026,,AllTerrain
1,CUSTOM WHEEL ,MR415570121052B,,,,MR415 5x4.5 Beadlock Matte Black 15x7 38mm ,379.00,WHL,02/27/2026,,AllTerrain
13,KAWASAKI,CPR8E,,CPR8E,,SPARK PLUG CPR8E,9.99,PLG,09/03/2026,,AllTerrain
4,CUSTOM WHEEL ,RR351015AT,,,,35X10-15 D TENSOR REGULATOR 2,479.00,ATR,08/14/2026,,AllTerrain
4,POLARIS,3022553,,,,"SPARK PLUG, 12 MM",11.99,PLG,05/19/2026,,Rifle
4,PARTS UNLIMITED,21130640,300689,3661453006895,,BATTERY BS BTX20HL-FA,149.95,BAT,08/18/2026,BS BATTERY,Rifle
8,KAWASAKI,R6252K-105,,R6252K105,,SPARK PLUG R6252K-105,14.99,PLG,05/27/2026,,AllTerrain
1,PARTS UNLIMITED,03021605,32230,086699322302,32230,TIRE RD 6 150/60ZR17 66W,338.95,TIR,06/09/2026,MICHELIN,AllTerrain
5,WESTERN POWER ,570-4000,MR25812,191361314001,MR25812,TIRE MUD REBEL 25X8-12 BIAS 6PR LR-340LBS,128.95,ATR,01/24/2026,SEDONA,Rifle
2,WESTERN POWER ,870-1013,MX6010014,191361368905,MX6010014,TIRE MX887IT FRONT 60/100-14 29M BIAS TT,55.95,DTR,05/21/2026,SEDONA,Rifle
4,WESTERN POWER ,3-1465,S3-1465,191361487965,S3-1465,TIRE RC500S 32X10R15,344.19,ATR,06/25/2025,SYSTEM 3,Rifle
4,WESTERN POWER ,3-1468,S3-1468,191361487965,S3-1468,TIRE RC500S 35X10R15,431.10,ATR,06/25/2025,SYSTEM 3,Rifle
2,WESTERN POWER ,532-0107,AC-06653-1BK,191361279232,AC-06653-1BK,"WHEEL SPACER 1"" 4/156 STUD: 10MM X 1.25MM",99.95,WHL,05/22/2024,OPEN TRAIL,Rifle
2,WESTERN POWER ,532-0151,AC-06657-2BK,191361279287,AC-06657-2BK,"WHEEL SPACER 1.5"" 4/156 STUD: 12MM X 1.5MM",115.95,WHL,07/31/2024,OPEN TRAIL,Rifle
1,WESTERN POWER ,56-8080,8080,191361439117,8080,SPARK PLUG CAP SB05F REPLACES NGK # 8080,10.99,PLG,05/29/2024,FIRE POWER,Rifle
4,PARTS UNLIMITED,03201358,14206611,,14206611,TIRE M1 EVIL 30X10R14,288.95,ATR,07/29/2026,AMS,AllTerrain
1,PARTS UNLIMITED,03130060,TM73518100,4717784508801,0313-0060,TIRE MX-CS DST 110/100-18,135.00,DTR,07/10/2026,MAXXIS,AllTerrain
7,KAWASAKI,BPR2ES,,BPR2ES,BPR2ES,NGK SPARK PLUG,4.99,PLG,04/01/2026,,AllTerrain
1,Triumph Motorcycles ,T2500182,,,,SEE T2500184,109.99,BAT,08/20/2026,,AllTerrain
7,WESTERN POWER ,2-DR7EA,7839,087295178393,7839,SPARK PLUG #7839/10,5.99,PLG,,NGK,Rifle
4,WESTERN POWER ,3-1065,S3-1065,748252682390,S3-1065,TIRE DX440 32X10R-15,267.52,ATR,06/18/2025,SYSTEM 3,AllTerrain
2,TURN 14 ,780547,,887337000000,HTX24HL-GEL,TRUGEL BATTERY BM MGN50-N18LA,141.70,BAT,01/18/2023,,AllTerrain
4,WESTERN POWER ,3-158665,15S3-8665,850049057523,15S3-8665,SB8 WHEEL 15X7 5+2 (+38MM) 6/5.5 MATTE ,306.90,WHL,04/24/2025,SYSTEM 3,Rifle
5,POLARIS,3070175,,,,SPARK PLUG BKR5E,5.99,PLG,05/28/2026,,Rifle
4,VALOR OFFROAD,V09-1570P4037BC,,,,VALOR V09 15X7 +40MM  4X137 BRUSHED ,399.95,WHL,08/05/2025,,Rifle
2,TURN 14 ,781383,,887337000000,HTZ14S-BS,BTZ14S BIKEMSTR BATTERY,82.90,BAT,07/28/2023,,AllTerrain
4,Husqavarna - East of ,A44039093000,,,,SPARK PLUG BR8ES SOLID TERMINAL,8.99,PLG,06/09/2026,,AllTerrain
1,PARTS UNLIMITED,03131192,45278515,,45278515,TIRE 110/90-19 62M DUN GEOMAX MX54 RR,155.95,DTR,07/18/2026,DUNLOP,AllTerrain
4,TURN 14 ,QBS563558,563558,887337336480,563558,QUADBOSS TIRE CHAIN ADJUSTER,19.95,ATR,11/14/2024,QUADBOSS,AllTerrain
2,HONDA,42711-GET-016,,,,TIRE (90/90-10 50J),44.55,TIR,,,AllTerrain
6,LEGACY ,LUG8,,,,LUG NUT CHR 12MM X 1.25 BEVELE,1.49,WHL,04/27/2022,,AllTerrain
57,LEGACY ,LUG1BA,,,NUT02,BEVELED BLACK LUG (10x1.25)  1,1.99,WHL,09/16/2023,,AllTerrain
4,PARTS UNLIMITED,21130758,YUAM72H4A,,YUAM72H4A,BATTERY FA YTX14AH,167.99,BAT,06/09/2026,YUASA,Rifle
4,HONDA,98069-5691U,,,,IJR6A9 SPARK PLUG,23.99,PLG,06/04/2026,,AllTerrain
1,HONDA,98079-5514E,,,,S/PLG (BKR5E-11),3.99,PLG,09/04/2026,,AllTerrain
6,POLARIS,3024695,,,,SPARKPLUG-12MM(4),11.99,PLG,08/11/2026,,Rifle
2,WESTERN POWER ,570-5206,RAB3010R14,191361368707,,TIRE ROCK-A-BILLY 30X10RX14,304.95,ATR,06/09/2026,SEDONA,AllTerrain
1,HONDA,31500-MKE-A51,,,,BATTERY (HY93-C),300.70,BAT,,,AllTerrain
4,SUZUKI,09482-00646,,,MR8E-9,"PLUG, SPARK (MR8E-9)",26.99,PLG,05/21/2026,,AllTerrain
2,HONDA,31908-K95-A61,,,R0451B-9,S/PLG (R0451B-9),36.25,PLG,,,AllTerrain
7,BRP ,715900357,,,LMAR9DJ,SPARK PLUG LMAR9D-J,31.99,PLG,07/08/2026,,AllTerrain
1,WESTERN POWER ,873-1654,45278514,848983039941,45278514,TIRE GEOMAX MX54 REAR 100/90-19 57M BIAS TT,156.95,DTR,07/08/2026,DUNLOP,AllTerrain
2,PARTS UNLIMITED,03120644,45278506,,45278506,TIRE 80/100-21 51M DUN GEOMAX MX54 FR,131.95,DTR,08/21/2026,DUNLOP,AllTerrain
1,CF MOTO,31021200,,,MISCELLANE,BATTERY,94.99,BAT,04/22/2026,,AllTerrain
1,WESTERN POWER ,873-0903,45261505,196261049954,45261505,TIRE GEOMAX AT82 REAR 120/90-18 65M BIAS TT,143.95,DTR,06/25/2025,DUNLOP,Rifle
4,HONDA,31916-KWB-601,,,,S/PLG (CPR6EA-9S),6.99,PLG,07/09/2026,,AllTerrain
60,POLARIS,3022662,,P3022662,MR7F,SPARK PLUG MR7F,13.99,PLG,08/25/2026,,Rifle
4,PARTS UNLIMITED,21130992,3006351,3564093006686,3006351,BATTERY BS BTZ7S (FA),113.99,BAT,08/19/2026,BS BATTERY,Rifle
10,SUZUKI,09482-00458,,,,SPARK PLUG CR9E,9.99,PLG,07/15/2025,,Rifle
5,SUZUKI,09482-00558,,,,SPARK PLUG CR9E,17.99,PLG,07/15/2025,,Rifle
5,SUZUKI,09482-00646,,,,"PLUG, SPARK (MR",26.99,PLG,07/15/2025,,Rifle
3,WESTERN POWER ,2-DCPR8E,4339,087295143391,4339,SPARK PLUG #4339/04,9.99,PLG,,NGK,Rifle
2,WESTERN POWER ,57-5701,6P0527,748252659231,,MUD LITE II 25X8-12 6PR,132.83,ATR,09/03/2026,ITP,AllTerrain
25,LEGACY ,NUT03,,,,3/8X24 CHROME LUG NUT BEVELED,1.69,WHL,08/11/2021,,AllTerrain
1,PARTS UNLIMITED,03201385,14143611,,14143611,TIRE M2 EVIL 27X9R14,214.95,ATR,07/15/2026,AMS,AllTerrain
1,PARTS UNLIMITED,03130823,1915376,,1915376,TIRE BITE MX 110/90-19,87.95,DTR,08/06/2026,AMS,AllTerrain
6,LEGACY ,LUGP-11,,,,12MM X 1.25 MULE FXT TAPERED S,1.43,WHL,09/29/2020,,AllTerrain
4,VALOR OFFROAD,VAT-321000R15H1,,,,ALPHA 32X10R15 8PLY H1 RADIAL,315.00,ATR,01/22/2026,,Rifle
2,PARTS UNLIMITED,21130624,3006381,3661451001380,3006381,BATTERY BS BTZ14S (FA),161.95,BAT,08/27/2026,BS BATTERY,Rifle
1,PARTS UNLIMITED,IRC174,T10161,,IRC-174,VE33 110/100-18 ENDURO,129.95,DTR,09/09/2026,IRC,AllTerrain
1,PARTS UNLIMITED,03130873,46435,086699464354,46435,DSRT RACE BAJA 140/80-18,361.95,DTR,07/21/2026,MICHELIN,Rifle
3,PARTS UNLIMITED,02230221,SPMO3807BL4,,SPMO3807BL4,LUGNT 12X1.50 SPLN BK 16P,26.95,WHL,08/26/2025,MOOSE OFFROAD,Rifle
2,PARTS UNLIMITED,03120381,45236987,339696A100,45236987,TIRE MX53 80/100-21,141.95,DTR,12/17/2025,DUNLOP,Rifle
1,PARTS UNLIMITED,21130630,300674,3661453006741,300674,BATTERY BS BTX9 (FA),101.99,BAT,09/12/2026,BS BATTERY,Rifle
2,PARTS UNLIMITED,M9160009,9V00,,9V00,MOOSE TIRE CHAINS 9-VBAR,59.95,ATR,12/06/2023,MOOSE OFFROAD,Rifle
4,PARTS UNLIMITED,02301530,15HL241665,,15HL241665,WHEEL HL24 15X7 6/5.5 +38MM DT,297.95,WHL,05/21/2024,HIGH LIFTER,Rifle
1,POLARIS,4017819,,P4017819,,"*** BATTERY-12V,245CCA,13AH,MX15-4",149.99,BAT,07/22/2026,,AllTerrain
5,LEGACY ,LUGP-10,,,NUT22,12MM X 1.5 POL. TAPERED SPLINE,1.99,WHL,09/16/2023,,AllTerrain
2,PARTS UNLIMITED,21130619,300641,3661451001410,300641,BATTERY BS BT7B-4 (FA),82.99,BAT,08/18/2026,BS BATTERY,Rifle
3,PARTS UNLIMITED,21130620,300642,3661451001427,300642,BATTERY BS BT9B-4 (FA),101.99,BAT,08/20/2026,BS BATTERY,Rifle
1,PARTS UNLIMITED,02230225,SPMO03806BL4,,SPMO03806BL4,LUGNT 12X1.25 SPLN BK16P,26.95,WHL,07/13/2024,MOOSE OFFROAD,Rifle
1,PARTS UNLIMITED,03170293,2527100,8019227252712,2527100,TIRE ST II 150/70R17 69V,323.65,TIR,12/12/2025,PIRELLI,AllTerrain
4,PARTS UNLIMITED,03201447,1432360,,1432360,TIRE MOOSE DRACO 32X10X14,283.95,ATR,05/27/2026,MOOSE OFFROAD,Rifle
2,PARTS UNLIMITED,93,,,,SPARKY TAPE CAP & WIRE EA,6.99,PLG,07/01/2022,PARTS UNLIMITED,AllTerrain
1,PARTS UNLIMITED,21030215,DT13SPH,,DT13SPH,SPARK PLUG CARRIERS MSE,6.99,PLG,11/26/2025,MOOSE OFFROAD,Rifle
2,PARTS UNLIMITED,21130633,300681,3661453006819,300681,BATTERY BS BTX14 (FA,114.99,BAT,08/05/2026,BS BATTERY,Rifle
2,PARTS UNLIMITED,21130638,300688,3661453006888,300688,BATTERY BS BTX20H SLA,151.99,BAT,08/04/2026,BS BATTERY,Rifle
1,PARTS UNLIMITED,2870368,,,,PLUG CADDY,4.99,PLG,08/12/2025,PARTS UNLIMITED,Rifle
2,LEGACY ,NUTKEY20,,,,6 SPLINE LUG NUT KEY,7.99,WHL,03/12/2021,,AllTerrain
55,LEGACY ,NUT02,,,,10X1.25 BLK LUG NUT BEVELED 14MM,1.49,WHL,03/12/2021,,AllTerrain
84,LEGACY ,NUT01,,,,10X1.25 CHROME LUG NUT 14MM,1.99,WHL,03/12/2021,,AllTerrain
1,PARTS UNLIMITED,03160447,3735400,8019227373547,3735400,TIRE KAR STR 150/70ZR18,276.87,TIR,08/11/2023,METZELER,AllTerrain
2,PARTS UNLIMITED,03130724,45236424,333707A100,45236424,TIRE MX53 110/90-19,169.95,DTR,12/17/2025,DUNLOP,Rifle
1,WESTERN POWER ,49-2276,CTX15L-BS,191361094200,CTX15L-BS,BATTERY CTX15L-BS MAINTENANCE,151.99,BAT,09/30/2021,FIRE POWER,AllTerrain
1,LEGACY ,N-CR10EIX,,,,NGK IRIDIUM SPARK PLUG (6482),9.99,PLG,,,AllTerrain
1,PARTS UNLIMITED,03050636,3576300,8019227357639,3576300,TIRE CRZTC 130/60B19 61H,267.74,TIR,08/21/2026,METZELER,AllTerrain
1,PARTS UNLIMITED,03130914,72079,086699720795,72079,TIRE SC6MS 80/100-21 51M,125.95,DTR,09/11/2026,MICHELIN,Rifle
1,PARTS UNLIMITED,03130913,88813,086699888136,88813,TIRE SC6MS 120/90-18 65M,143.95,DTR,06/09/2026,MICHELIN,Rifle
3,WESTERN POWER ,490-2400,HJTZ5SL-FP-B,191361313356,HJTZ5SL-FP-B,FEATHERWEIGHT LITHIUM BATTERY 120 CCA ,136.99,BAT,09/01/2026,FIRE POWER,Rifle
2,PARTS UNLIMITED,03120642,45278504,,45278504,TIRE 70/100-17 40M DUN GEOMAX MX54 FR,66.95,DTR,08/21/2026,DUNLOP,AllTerrain
3,BRP ,515176151,,,,BATTERY,219.99,BAT,07/07/2026,,AllTerrain
76,LEGACY ,LUG3CA,,,NUT03,CHROME LUG NUT POLARIS 3/8 X 24,1.99,WHL,09/16/2023,,AllTerrain
4,VALOR OFFROAD,V06-1510P2505SB,,,,V06 Satin Black 15x10 GLBLK 6+4 5x114.3,299.00,WHL,02/05/2025,,AllTerrain
1,TURN 14 ,301257,,092971188528,,M404 110/80-19 I/T REAR,137.95,DTR,07/08/2026,,AllTerrain
3,BRP ,705402313,,,,"TIRE, FRONT 26X8X12",144.99,ATR,07/23/2026,,AllTerrain
6,BRP ,219703120,,,BR9ES,BR9ES/SPARK PLUG,5.99,PLG,,,Rifle
2,WESTERN POWER ,87-4366S,87-4366 STICKY,191361316715,,SHINKO 120/100-18 R505 CHEATER,167.95,DTR,07/23/2026,SHINKO,AllTerrain
1,WESTERN POWER ,87-4536,87-4536,191361318382,,SHINKO 150/70R17 E705 69H TL R,211.95,TIR,07/23/2026,SHINKO,AllTerrain
2,STARK FUTURE ,SMX1-RW-19,,,,"REAR WHEEL 19"" MX (TIRE AND SPACERES NOT ",598.99,DTR,06/05/2026,,AllTerrain
6,PARTS UNLIMITED,YTX14AHBS,YUAM62H4A,048493621142,YTX14AH-BS,YTX14AHBS BATTERY MNT FREE.69 LITER,155.99,BAT,,YUASA,AllTerrain
2,WESTERN POWER ,570-4074,MR2611R128PLY,191361314223,MR2611R128PLY,TIRE MUD REBEL R/T 26X11R12 RADIAL 8PR ,247.95,ATR,07/16/2026,SEDONA,Rifle
4,POLARIS,3024016,,P3024016,3024016,SPARK PLUG-14MM,10.99,PLG,06/11/2026,,Rifle
5,PARTS UNLIMITED,YIX30L,YUAM7230L,048493723020,YUAM7230L,BATTERY-WET SEALED,227.95,BAT,06/09/2026,YUASA,Rifle
2,PARTS UNLIMITED,21130625,300644,3661451001441,300644,BATTERY BS BT14B-4 (FA),107.99,BAT,03/17/2026,BS BATTERY,Rifle
4,PARTS UNLIMITED,03201446,1430360,,1430360,TIRE MOOSE DRACO 30X10R14,265.95,ATR,12/17/2025,MOOSE OFFROAD,Rifle
32,CAMOPLAST ,1178-12-B076,,,,WHEEL LUG NUT M12-1.50 X 75 POLARIS,7.96,WHL,12/26/2025,,AllTerrain
1,VALOR OFFROAD,V12X150B-KIT4,,,,12X1.50 SPLINE 4 LUG KIT BLACK,29.99,WHL,06/13/2024,,Rifle
17,PARTS UNLIMITED,21130640,300689,3661453006895,300689,BATTERY BS BTX20HL-FA (,158.99,BAT,08/18/2026,BS BATTERY,AllTerrain
2,WESTERN POWER ,57-5639,56A328,033259261236,,TIRE MUD LITE 24X10-11,150.49,ATR,09/03/2026,ITP,AllTerrain
1,CUSTOM WHEEL ,MR40157060352B,,,,MR401 UTV Beadlock Machined 15x7 38 81.8 6x5.5 ,366.00,WHL,,,AllTerrain
4,POLARIS,P15078HMBL,,PP15078HMBL,P15078HMBL,15X7 HALO MILLED BEADLOCK BL,279.95,WHL,10/07/2025,,AllTerrain
8,BRP ,415128524,,,BR9ECS,BR9ECS/SPARK PLUG ,14.99,PLG,10/25/2025,,Rifle
4,WESTERN POWER ,570-5436,570-5436,191361554377,570-5436,TIRE TRAIL RIPR 35X10.00R15 8PR LR1200,332.95,ATR,04/30/2026,SEDONA,AllTerrain
4,WESTERN POWER ,570-5433,570-5433,191361554346,570-5433,TIRE TRAIL RIPR 30X10.00R15 8PR LR880,261.95,ATR,04/30/2026,SEDONA,AllTerrain
4,WHEEL PROS,KS242ZB15704438,KS242ZB15704438,0,,AZTEC UTV BL 15X7 4X156 115 +38 M-BNZ ,317.00,WHL,08/05/2025,,AllTerrain
1,PARTS UNLIMITED,03130972,45259505,351396A100,45259505,TIRE MX14 110/90-19,162.95,DTR,08/21/2026,DUNLOP,AllTerrain
6,WESTERN POWER ,2-CPR8E,7411,087295174111,7411,SPARK PLUG #7411/10,12.99,PLG,07/29/2026,NGK,Rifle
1,PARTS UNLIMITED,03400874,04KD1F120031,,04KD1F120031,TIRE KD1F KWICK 120/70-12,65.95,TIR,07/24/2026,KENDA,AllTerrain
14,KTM OEM,79010071193,,,,"SPOKE M4,5X193- 18''         16",6.15,WHL,01/07/2026,,Rifle
4,WHEEL PROS,D9201570A655,D9201570A655,885464000000,,D920 VECTOR BEADLOCK 4/137 +38,374.00,WHL,05/02/2025,,AllTerrain
4,WHEEL PROS,D9361570A554,D9361570A554,0,,D936 15X7 4X156 MT-BLK 38MM,374.00,WHL,04/30/2025,,AllTerrain
22,BRP ,415130652,,,ILKR9Q7GS,SPARK PLUG ILKR9Q7GS,29.99,PLG,07/24/2026,,Rifle
2,KAWASAKI,BR9EIX,,BR9EIX,BR9EIX,SPARK PLUG BR9EIX,16.99,PLG,07/14/2026,,AllTerrain
2,PARTS UNLIMITED,21130933,300935,3564093009359,300935,BATTERY BS BGZ32HL SLA MAX	,275.95,BAT,05/12/2026,BS BATTERY,Rifle
5,PARTS UNLIMITED,21130987,300939,3564093009397,300939,BATTERY BS BGZ20HL SLA MAX,199.99,BAT,05/14/2026,BS BATTERY,Rifle
4,WHEEL PROS,KS242DX15701238,,,,KS242 AZTEC UTV BEADLOCK	MACHINED 15X7 ,317.00,WHL,08/13/2026,,Rifle
4,VALOR OFFROAD,V09-1570P4006RM,,,,V09 BEADLOCK FLOW FORM 15X7 +40 6X139.7 ,375.00,WHL,08/12/2025,,AllTerrain
8,WHEEL PROS,N207-970,,,,33X9.5X15 SXS NITTO TRAIL GRAPPLER,319.99,ATR,06/05/2026,,AllTerrain
2,WESTERN POWER ,87-5443,T10634,,T10634,TIRE JX8 GEKKOTA REAR 120/100-18 68M BIAS ,221.95,DTR,03/24/2026,IRC,Rifle
5,WESTERN POWER ,2-LKR7E,1643,087295116432,1643,SPARK PLUG/1643/04,14.99,PLG,,NGK,AllTerrain
9,BRP ,705501769,,,,ACT 26X10X12,169.99,ATR,03/18/2026,,AllTerrain
2,WESTERN POWER ,570-4009,MR24911,191361314094,MR24911,TIRE MUD REBEL 24X9-11 BIAS 6PR LR-365LBS,135.95,ATR,07/02/2026,SEDONA,AllTerrain
14,BRP ,415129484,,,PFR7AB,PFR7AB/SPARK PLUG ,29.99,PLG,07/01/2025,,Rifle
1,WESTERN POWER ,87-5863,T10573,,T10573,TIRE VX40 REAR 120/90-18 65M BIAS TT,144.95,DTR,06/09/2026,IRC,AllTerrain
2,Husqavarna - East of ,51739193000,,,,SPARK PLUG GR8DI-12,35.99,PLG,10/24/2023,,AllTerrain
2,STARK FUTURE ,SMX1-RW-T-19MX,,,,REAR TIRE PIRELLI SCORPION MX32 110/90-19,119.99,DTR,06/05/2026,,AllTerrain
1,PARTS UNLIMITED,21130370,,,2113-0370,BATTERY YT7B-BS,31.99,BAT,11/26/2025,PARTS UNLIMITED,AllTerrain
10,Husqavarna - East of ,51539093000,,,,SPARK PLUG BR9ECMVX,23.99,PLG,07/18/2026,,AllTerrain
2,HONDA,42711-GEL-701,,,,TIRE (2.50-10 33J 4PR) CHENG SHIN ,57.52,DTR,,,AllTerrain
2,LEGACY ,LUGP-10K,,,,KEY / SOCKET,15.99,WHL,05/30/2024,,Rifle
2,SUZUKI,09482-00635,,,LMAR8BI9,SPARK PLUG(LMAR8BI9),28.79,PLG,12/03/2021,,AllTerrain
4,Husqavarna - East of ,60439094000,,,,SPARK PLUG,35.19,PLG,09/26/2025,,AllTerrain
2,KIMPEX,010164,,,YT12B-BS,YT12B-BS YUASA BATTERY,144.99,BAT,,,AllTerrain
2,PARTS UNLIMITED,03010970,45247181,848983023575,45247181,TIRE Q5 120/70ZR17 (,269.95,TIR,04/17/2026,DUNLOP,AllTerrain
4,PARTS UNLIMITED,21030171,3252,BR9ECM,BR9ECM,SPARK PLUG BR9ECM,27.99,PLG,06/26/2026,NGK SPARK PLUGS,AllTerrain
4,POLARIS,3022438,,,,SPARK PLUG(4),9.99,PLG,06/19/2026,,Rifle
4,VALOR OFFROAD,VTT-330950R15H1,,085003775360,,TANGO 33X9.5R15 8 PLY H1 STEEL BELTED ,315.00,ATR,04/02/2026,,Rifle
4,VALOR OFFROAD,VTT-351000R15H1,,085003775377,,TANGO 35X10R15 8 PLY H1 STEEL BELTED ,339.00,ATR,04/02/2026,,Rifle
2,PARTS UNLIMITED,03200981,33172,086699331724,0320-0981,TIRE BFG KM3 28X10R14,269.99,ATR,10/09/2025,BF GOODRICH,AllTerrain
5,VALOR OFFROAD,V12X125CHROME-,,,,"12X1.25 SPLINE LUG KIT 1.38"" CHROME",23.99,WHL,07/29/2026,,AllTerrain
1,PARTS UNLIMITED,YTZ14S,YUAM72Z14,,YTZ14S,BATTERY WET SEALED YTZ14S,264.95,BAT,08/05/2026,YUASA,AllTerrain
1,YAMAHA (866-488-,BTX-5L000-00-00,,BTX5L0000000,,BS SLA - BTX5L/BTZ6S (FA),67.99,BAT,08/12/2025,,AllTerrain
6,BRP ,715900352,,,LMAR8DJ,LMAR8D-J/SPARK PLUG,31.99,PLG,10/11/2024,,Rifle
16,BRP ,715900357,,,LMAR9D-J,LMAR9D-J/SPARK PLUG,31.99,PLG,,,Rifle
45,BRP ,415130651,,,ILKR8Q7S,SPARK PLUG ILKR8Q7S,29.99,PLG,07/24/2026,,Rifle
3,WESTERN POWER ,87-4700,E804 110/80B19 59Q,191361318153,E804 110/80B19 59Q,TIRE 804 DUAL SPORT FRONT 110/80B19 59Q TL,157.95,TIR,08/10/2022,SHINKO,AllTerrain
4,PARTS UNLIMITED,03200982,76357,086699763570,0320-0982,TIRE BFG KM3 30X10R14,289.99,ATR,08/12/2026,BF GOODRICH,AllTerrain
32,BRP ,715900244,,,LMAR8C-9,LMAR-8C-9/SPARK PLUG,16.99,PLG,07/28/2026,,Rifle
2,BRP ,705403080,,,,TIRE_30X9R14,249.99,ATR,08/20/2026,,AllTerrain
5,PARTS UNLIMITED,YTX16BS1,YUAM32X61,048493324166,YTX16-BS-1,BATTERY-MNT FREE.78 LITER,163.99,BAT,,YUASA,AllTerrain
3,PARTS UNLIMITED,YTX20LBS,YUAM320BS,048493320618,YTX20L-BS,BATTERY-MNT FREE.93 LITER,161.95,BAT,06/26/2026,YUASA,AllTerrain
4,WHEEL PROS,KS23456044538,KS23456044538,194933000000,,KS234 15X6 4X156 MACH 38MM,322.00,WHL,07/23/2025,,AllTerrain
1,PARTS UNLIMITED,03050541,45119516,848983022394,0305-0541,TIRE ELITE4 130/90B16 73H,292.95,TIR,06/02/2026,Dunlop,AllTerrain
4,WHEEL PROS,KS23456044438,KS23456044438,194933000000,,KS234 ADDICT 2 BEADLOCK SATIN GRAY 15X6 ,330.00,WHL,08/05/2025,,AllTerrain
1,KTM OEM,U69FS10,,,,DUNLOP TIRE FACTORY SPEC 110/90-19,190.95,DTR,01/17/2025,,Rifle
2,WESTERN POWER ,61-4717,"SZ ""B""",191361368745,"SZ ""B""","V-BAR ATV/UTV TIRE SNOW CHAINS B 9""",110.95,ATR,01/15/2026,SEDONA,Rifle
7,KAWASAKI,BR8EIX,,BR8EIX,,IRIDIUM BR8,16.99,PLG,09/03/2026,,AllTerrain
15,BRP ,278002297,,,DCPR9E,DCPR9E/SPARK PLUG,9.99,PLG,,,Rifle
2,PARTS UNLIMITED,02230224,SPMO03806L4,,SPMO03806L4,LUGNT 12X1.25 SPLN C,26.95,WHL,04/21/2026,MOOSE OFFROAD,AllTerrain
2,BETA USA,C25.01.007.00.00,,,,"SPARK PLUG
",30.65,PLG,03/14/2025,,AllTerrain
3,WESTERN POWER ,49-2292,CT7B-4,191361094347,CT7B-4,BATTERY CT7B-4 SEALED FACTORY ACTIVATED,68.99,BAT,09/01/2026,FIRE POWER,Rifle
1,PARTS UNLIMITED,03010134,02550190000,4019238544084,0301-0134,TIRE MOTION 120/70ZR17,185.43,TIR,03/31/2026,CONTINENTAL,AllTerrain
2,PARTS UNLIMITED,03010664,45067896,848983010766,0301-0664,TIRE SM GPR300 120/70ZR17,154.95,TIR,09/05/2026,DUNLOP,AllTerrain
2,PARTS UNLIMITED,03021000,45067704,848983013569,0302-1000,TIRE SM GPR300 150/60R17,219.95,TIR,01/09/2026,DUNLOP,AllTerrain
2,PARTS UNLIMITED,03021103,45067394,848983010742,0302-1103,TIRE SM GPR300 180/55ZR17,188.95,TIR,09/11/2026,DUNLOP,AllTerrain
1,PARTS UNLIMITED,03020999,45067903,848983013552,0302-0999,TIRE SM GPR300 140/70R17,212.95,TIR,07/16/2026,DUNLOP,AllTerrain
1,PARTS UNLIMITED,21040390,101121,688966009277,101121,CAP SPARK PLUG 90 14,9.99,PLG,05/07/2025,K&S TECHNOLOGIES,AllTerrain
1,PARTS UNLIMITED,21040394,104222,688966009314,104222,CAP SPARK PLG 120 10,10.99,PLG,08/08/2025,K&S TECHNOLOGIES,AllTerrain
4,METAL FX WHEELS,78520,,,,Outlaw R Beadlock | Raw 15x7 | +61mm/6+1 | 5x114.,389.00,WHL,03/06/2026,,AllTerrain
1,PARTS UNLIMITED,21040396,105222,688966009338,105222,CAP SPARK PLG 102 10,10.99,PLG,08/27/2026,K&S TECHNOLOGIES,AllTerrain
1,PARTS UNLIMITED,21040402,101122,688966009345,101122,CAP SPARK PLUG 90 14,11.99,PLG,09/06/2023,K&S TECHNOLOGIES,AllTerrain
1,PARTS UNLIMITED,21040406,101302H,688966009383,101302H,CAP SPARK PLUG 90 ST,10.99,PLG,09/19/2023,K&S TECHNOLOGIES,AllTerrain
1,PARTS UNLIMITED,03060297,46650,086699466501,0306-0297,TIRE CMDR2 130/90B16 73H,231.95,TIR,06/22/2021,MICHELIN,AllTerrain
2,PARTS UNLIMITED,03010601,45067287,848983013545,0301-0601,TIRE SM GPR300 110/70R17,144.95,TIR,02/12/2026,DUNLOP,AllTerrain
4,PARTS UNLIMITED,03201477,0012749HL,,0012749HL,TIRE ROCTANE STX 35X10R15,445.95,ATR,06/18/2026,HIGH LIFTER,Rifle
1,WESTERN POWER ,49-2247,CTX12-BS(FA),191361093944,CTX12-BS(FA),BATTERY CTX12 SEALED FACTORY ACTIVATED,85.99,BAT,04/25/2025,FIRE POWER,Rifle
1,PARTS UNLIMITED,03120381,45236987,339696A100,0312-0381,TIRE MX53 80/100-21,141.95,DTR,05/07/2026,DUNLOP,AllTerrain
1,PARTS UNLIMITED,03130117,TM78728000,4717784505275,0313-0117,TIRE DESERT IT 110/90-19,137.00,DTR,09/05/2026,MAXXIS,AllTerrain
2,PARTS UNLIMITED,03130506,3105,092971306489,0313-0506,TIRE X30 110/90-19 62M,169.89,DTR,12/27/2024,BRIDGESTONE,AllTerrain
3,PARTS UNLIMITED,03130510,3099,092971159511,0313-0510,TIRE X40 110/90-19 62M,174.03,DTR,06/03/2026,BRIDGESTONE,AllTerrain
1,PARTS UNLIMITED,03130722,45236253,333706A100,0313-0722,TIRE MX53 100/90-19,152.95,DTR,04/03/2026,DUNLOP,AllTerrain
16,WESTERN POWER ,57-94135,ALUG20KEY,682108197174,ALUG20KEY,REPLACEMENT LUG NUT KEY ONLY,8.49,WHL,12/02/2025,ITP,AllTerrain
3,WHEEL PROS,KS23556012538,KS23556012538,194933000000,,KS235 15X6 5X4.5 MACH 38MM,317.00,WHL,05/25/2024,,AllTerrain
2,PARTS UNLIMITED,03190136,TM00091100,4717784510514,0319-0136,TIRE BIGHORN 2.0 25X10R12,209.00,ATR,08/08/2025,MAXXIS,AllTerrain
2,PARTS UNLIMITED,03190282,TM00911100,4717784514154,0319-0282,TIRE BIGHORN 2.0 27X9-14,254.00,ATR,08/18/2026,MAXXIS,AllTerrain
4,PARTS UNLIMITED,03190288,TM00880100,4717784511207,0319-0288,TIRE BIGHORN 2.0 29X9-14,272.00,ATR,08/28/2026,MAXXIS,AllTerrain
1,PARTS UNLIMITED,03130725,45236685,333708A100,0313-0725,TIRE MX53 120/80-19,171.95,DTR,07/18/2026,DUNLOP,AllTerrain
8,PARTS UNLIMITED,03201117,TM00117400,4717784521671,TM00117400,TIRE ROXXZILLA 35X10R15,414.00,ATR,08/21/2026,MAXXIS,AllTerrain
3,VALOR OFFROAD,V07-1570P2537SG,,,,V07 Satin Graphite UTV Beadlock 15X7 4/137,309.00,WHL,04/23/2025,,AllTerrain
4,BRP ,296000455,,,,SPARK PLUG,21.99,PLG,12/10/2024,,AllTerrain
2,HONDA,98079-5717U,,,,SPARK PLUG (IFR7L11),24.99,PLG,,,AllTerrain
4,WESTERN POWER ,2-CR9EB,6955,087295169551,6955,SPARK PLUG #6955/04 SOLID,13.99,PLG,09/12/2026,NGK,Rifle
4,WESTERN POWER ,577-0223,TM00170600,4717784518862,,MAXXIS LIBERTY 32X10R-14 8PR,329.00,ATR,07/18/2025,MAXXIS,AllTerrain
1,KAWASAKI,C6HSA,,C6HSA,087295132289,TR380029,4.99,PLG,01/09/2007,,AllTerrain
3,PARTS UNLIMITED,03131000,45273516,354510A100,45273516,TIRE MX34 120/80-19,157.95,DTR,12/16/2025,DUNLOP,AllTerrain
3,VALOR OFFROAD,VM8X25GB-KIT,,,,M8X20MM BOLT KIT,10.00,WHL,06/10/2025,,AllTerrain
12,KTM OEM,55439193000,,,,SPARK PLUG,30.99,PLG,05/01/2026,,Rifle
1,INDIAN ,5416719,,P5416719,5416719,"TIRE-REAR,K761-612,150/80-16",249.99,TIR,05/07/2026,,AllTerrain
1,POLARIS,5415358,,P5415358,5415358,"TIRE-FRONT,130/90B16,BW,E3",229.99,TIR,04/03/2025,,AllTerrain
20,DUCATI CAGIVA,67040381A,,,,SPARK PLUG NGK MAR10A-J,45.94,PLG,07/07/2026,,AllTerrain
1,POLARIS,4017419,,,4017419,BATTERY-U1,141.99,BAT,08/06/2026,,AllTerrain
9,HONDA,31908-K31-901,,,LMAR7H-9DS,S/PLG (LMAR7H-9DS),50.37,PLG,,,AllTerrain
4,HONDA,31911-HW1-671,,,,S/PLG (IMR9D-9H),18.99,PLG,,,AllTerrain
8,KAWASAKI,DR8ES,,DR8ES,087295154236,TR380068,4.99,PLG,11/10/2017,,AllTerrain
2,BRP ,705503354,,,,TIRE_30X10R14,259.99,ATR,07/23/2026,,AllTerrain
2,POLARIS,5419043,,,,"TIRE-RR,26X11R12,PXT,16PSI",209.99,ATR,06/12/2026,,AllTerrain
15,TURN 14 (TUCKER ,BKM150912,150912,887337051987,150912,BIKEMASTER QUICK CONNECT BATTERY LEADS,9.99,BAT,03/28/2024,BIKEMASTER,Rifle
2,PARTS UNLIMITED,03201351,12086611,,,Tire - M1 Evil - Front - 27x9R12 - 8 Ply ,228.95,ATR,09/11/2026,AMS,AllTerrain
31,KAWASAKI,BPR6ES,,BPR6ES,BPR6ES,NGK SPARK PLUG(4 PK),5.99,PLG,09/02/2025,,AllTerrain
3,POLARIS,4010630,,P4010630,4010630,"BATTERY-30 AMP,TOP MOUNT(2)",154.99,BAT,01/29/2025,,AllTerrain
6,TURN 14 ,563886,,0887337247403,,"QBOSS WHEEL SPACER 4/137 1.5""",84.23,WHL,07/28/2023,,AllTerrain
4,TURN 14 ,563889,,0887337253350,,"QBOSS WHEEL SPACER 4/137 2""",89.43,WHL,07/27/2023,,AllTerrain
4,TURN 14 ,563883,,0887337247373,,"QBOSS WHEEL SPACER 4/137 1""",74.87,WHL,07/28/2023,,AllTerrain
8,TURN 14 ,608930,,0887337250601,,LUG NUTS 10X1.25 14MM-OD 4BLK,4.67,WHL,05/05/2020,,AllTerrain
10,KIMPEX,BKR6EKU,,,,BKR6EKU,0.99,PLG,,,AllTerrain
30,KIMPEX,CR7EKB,,,,CR7EKB,11.79,PLG,,,AllTerrain
2,TURN 14 ,781057,,887337004495,781057,B50-N18L-A USE 581057,79.75,BAT,02/08/2023,,AllTerrain
1,PARTS UNLIMITED,21130102,YUAM6230X,048493623023,2113-0102,BATTERY YIX30L-BS 1.4 LTR,222.95,BAT,09/05/2026,YUASA,AllTerrain
2,PARTS UNLIMITED,03200174,560430,,560430,TIRE MUD LITE AT 24X8-12,148.15,ATR,,ITP,AllTerrain
2,PARTS UNLIMITED,02230207,,,0223-0207,CENTER CAP HD7 MATTE BLK,8.49,WHL,02/16/2022,,AllTerrain
1,PARTS UNLIMITED,03120430,1703376,,0312-0430,TIRE BITE MX 70/100-17,56.95,DTR,06/05/2025,AMS,AllTerrain
1,PARTS UNLIMITED,03130824,1917376,,0313-0824,TIRE BITE MX 120/80-19,100.95,DTR,03/19/2026,AMS,AllTerrain
2,PARTS UNLIMITED,03200750,,,,TIRE SWAMP FOX 24X8-11,114.95,ATR,,,AllTerrain
11,BRP ,715900785,,,,SPARK PLUG,31.99,PLG,04/03/2026,,Rifle
1,PARTS UNLIMITED,02230220,SPMO3807L4,,SPMO3807L4,LUGNT 12X1.50 SPLN CH 16P,26.95,WHL,07/13/2024,MOOSE OFFROAD,Rifle
10,BRP ,715900935,,,SILMAR9F7,SPARK PLUG - SILMAR9F7,31.99,PLG,02/04/2025,,Rifle
7,DUCATI CAGIVA,67040681A,,,,SPARK PLUG,37.00,PLG,07/10/2025,,AllTerrain
3,PARTS UNLIMITED,21030034,4948,0087295149485,4948,SPARK PLUG NGK CR8EIB-10,19.99,PLG,03/26/2024,NGK SPARK PLUGS,AllTerrain
2,WESTERN POWER ,87-4450,87-4450,191361316876,87-4450,TIRE 241 SERIES FRONT/REAR 4.0,124.95,TIR,03/19/2026,SHINKO,AllTerrain
63,LEGACY ,LUG1CA,,,NUT01,"CHROME LUG NUT  (14mm) ,  (10x1.25)",1.99,WHL,09/16/2023,,AllTerrain
3,PARTS UNLIMITED,21030044,3520,087295035207,3520,SPARK PLUG NGK BR8ECMIX,28.99,PLG,04/17/2024,NGK SPARK PLUGS,AllTerrain
2,PARTS UNLIMITED,21130643,300770,3564093007706,300770,BATTERY BS BTX24HL (FA),151.99,BAT,08/14/2026,BS BATTERY,AllTerrain
1,PARTS UNLIMITED,21130837,300890,3564093008901,300890,BATTERY BTZ8V SLA,109.99,BAT,08/05/2026,BS BATTERY,AllTerrain
1,PARTS UNLIMITED,21130854,300620,3661451001205,300620,BATTERY BS BTX7L-BS,69.99,BAT,06/26/2026,BS BATTERY,AllTerrain
10,KAWASAKI,ILZKAR7B11,,ILZKAR7B11,,ILZKAR7B11,25.99,PLG,03/04/2026,,AllTerrain
4,VALOR OFFROAD,VAT-351000R15H2,,,,ALPHA H2 TIRE 35X10X15,399.00,ATR,05/12/2026,,AllTerrain
12,Triumph Motorcycles ,T1291023,,,,"SPARK PLUG, M10",16.99,PLG,04/11/2023,,AllTerrain
14,Triumph Motorcycles ,T1290745,,,,"SPARK PLUG, M10, LMAR8A-9",10.99,PLG,06/21/2023,,AllTerrain
18,Triumph Motorcycles ,T1290181,,,,"SPARK PLUG, CR8",16.99,PLG,02/13/2025,,AllTerrain
2,Husqavarna - East of ,60139093000,,,,"SPARK PLUG M12X1,25 ""8""",33.99,PLG,04/08/2023,,AllTerrain
1,VALOR OFFROAD,V12X150B-KIT6,,,,"12X1.50 SPLINE 6 LUG KIT 1.38"" BLACK",39.99,WHL,08/05/2025,,Rifle
1,PARTS UNLIMITED,03120044,TM88187100,4717784505329,0312-0044,TIRE MAX-CS DST 80/100-21,105.00,DTR,07/07/2026,MAXXIS,AllTerrain
4,PARTS UNLIMITED,02230206,,,0223-0206,CENTER CAP HD7 MATTE BLK,7.14,WHL,10/27/2020,,AllTerrain
4,TURN 14 ,563869,,0887337188744,,"QBOSS WHEEL SPACER 4/156 1""",74.87,WHL,08/30/2023,,AllTerrain
2,TURN 14 ,563872,,0887337188768,,"QBOSS WHEEL SPACER 4/137 1.5""",84.23,WHL,05/23/2023,,AllTerrain
2,PARTS UNLIMITED,03190139,TM00270700,4717784520964,0319-0139,TIRE BIGHORN 2.0 26X9-12,216.00,ATR,09/05/2026,MAXXIS,AllTerrain
1,PARTS UNLIMITED,21040393,104122,688966009307,104122,CAP SPARK PLUG 120 1,10.99,PLG,06/19/2026,K&S TECHNOLOGIES,AllTerrain
1,PARTS UNLIMITED,21040403,101222,688966009352,101222,CAP SPARK PLUG 90 10,11.99,PLG,09/17/2024,K&S TECHNOLOGIES,AllTerrain
1,PARTS UNLIMITED,21040404,102122,688966009369,102122,CAP SPARK PLG STR 14,11.99,PLG,09/19/2023,K&S TECHNOLOGIES,AllTerrain
1,POLARIS,5414630,,P5414630,5414630,"TIRE-FRONT,130/90/16,WWW",299.99,TIR,05/21/2025,,AllTerrain
2,TURN 14 ,522565,,,CAPS3-140,SB4 CENTR CP4/137 4/156 MTBLK,8.38,WHL,03/28/2023,,AllTerrain
11,WESTERN POWER ,57-94121EA,,,,10MMX1.25 TAPERED LUG NUTS 60' 14MM HEAD ,1.99,WHL,,,Rifle
2,TURN 14 ,563511,,563511,100-4137110-1215,"WHL SPACER 4/137 1"" M12X1.5",74.87,WHL,07/25/2023,,AllTerrain
25,TURN 14 ,608926,,0887337230740,,"LUG NUTS, 10X1.25 14MM-OD 4/BX",4.67,WHL,05/13/2020,,AllTerrain
2,PARTS UNLIMITED,03190280,TM00121700,4717784517520,0319-0280,TIRE BIGHORN 2.0 27X9-12,226.00,ATR,06/26/2026,MAXXIS,AllTerrain
2,PARTS UNLIMITED,03160004,4524900,8019227452495,1417500,TIRE MT90AT 90/90-21 54V,183.42,DTR,04/11/2026,PIRELLI,AllTerrain
1,PARTS UNLIMITED,03060117,1815500,8019227181555,1815500,TIRE N-DRG 180/70B15,341.34,TIR,06/26/2024,PIRELLI,AllTerrain
4,BRP ,296000421,,,,SPARK PLUG,14.99,PLG,11/07/2024,,AllTerrain
1,PARTS UNLIMITED,21040405,102222,688966009376,102222,CAP SPARK PLG STR 10,11.99,PLG,10/10/2025,K&S TECHNOLOGIES,AllTerrain
2,PARTS UNLIMITED,21130022,,,,BATT YTX20HL-BS .948 LTR,142.99,BAT,12/26/2024,PARTS UNLIMITED,Rifle
1,PARTS UNLIMITED,03021009,,,5531,TIRE S21 160/60ZR17 69W,270.68,TIR,,,AllTerrain
1,TURN 14 ,300770,,92971110833,057878,G701 150/80R17 VALK FRT,334.60,TIR,,,AllTerrain
4,WHEEL PROS,MY-35-10-15,MY-35-10-15,806454000000,,MOTORALLY 35X10R15 8 PLY,374.00,ATR,08/11/2026,,AllTerrain
1,PARTS UNLIMITED,03060003,45605418,697662105237,0306-0003,TIRE D404 170/80-15 REAR,222.95,TIR,07/23/2026,DUNLOP,AllTerrain
11,PARTS UNLIMITED,21030286,4286,087295142868,2103-0286,SPARK PLUG NGK CR8EIA-9,18.99,PLG,02/27/2026,NGK SPARK PLUGS,AllTerrain
1,PARTS UNLIMITED,BR8ES11,7986,087295179864,BR8ES-11,SPARK PLUG NGK,5.99,PLG,08/05/2013,NGK SPARK PLUGS,AllTerrain
4,PARTS UNLIMITED,BKR7E,4644,087295146446,BKR7E,SPARK PLUG NGK,6.99,PLG,05/15/2026,NGK SPARK PLUGS,AllTerrain
2,PARTS UNLIMITED,03010972,45258202,848983019899,45258202,TIRE Q5S 120/70ZR17,248.95,TIR,09/09/2026,DUNLOP,AllTerrain
4,Husqavarna - East of ,75039093000,,,LKAR8AI-9,"SPARK PLUG M12X1,25 LKAR8AI-9",27.99,PLG,04/11/2026,,AllTerrain
2,WESTERN POWER ,2-CPR6EA-9,6899,087295168998,6899,SPARK PLUG #6899/04,14.99,PLG,,NGK,Rifle
2,PARTS UNLIMITED,21130218,,,2113-0218,BATTERY FA YT7B-BS,68.99,BAT,08/14/2026,PARTS UNLIMITED,AllTerrain
10,Husqavarna - East of ,77839093000,,,,SPARK PLUG NGK LMAR9AI-10,30.99,PLG,07/18/2026,,AllTerrain
1,PACIFIC ,09-110-100-18,,,,TRACTIONATOR DESERT H/T 110/100-18,134.99,DTR,06/10/2025,,AllTerrain
1,PARTS UNLIMITED,IRC107,301687,,301687,GP-1 300-21 TRIALS,99.95,TIR,,IRC,AllTerrain
2,PARTS UNLIMITED,21130093,,,2113-0093,BATTERY YTZ14S,146.99,BAT,08/13/2026,PARTS UNLIMITED,AllTerrain
2,PARTS UNLIMITED,03201352,12166611,,12166611,TIRE M1 EVIL 27X11R12,263.95,ATR,09/11/2026,AMS,AllTerrain
3,PARTS UNLIMITED,21130378,,,,BATTERY YTX12A-BS,42.99,BAT,04/21/2026,PARTS UNLIMITED,AllTerrain
17,KTM OEM,77839093000,,,LMAR9AI10,SPARK PLUG LMAR9AI-10,30.99,PLG,05/01/2026,,Rifle
4,WHEEL PROS,KS23557048710,,,,KS235 15X7 4X137 S-BLK 10MM,334.00,WHL,06/06/2025,,Rifle
4,WHEEL PROS,MH-32-10-15,,,,MOTOHAMMER 32X10X15-8PLY DOT RAD 321015,303.00,ATR,06/06/2025,,Rifle
8,WHEEL PROS,MCR-33-10-15,,,,EFX MOTOCRUSHER 33X10R15,325.00,ATR,06/06/2025,,Rifle
4,TURN 14 ,521535,,,,"SB3 BEADLOCK 15"" RING BLUE",49.95,WHL,,,AllTerrain
4,TURN 14 ,522595,,,,"SB-5 BEADLOCK 15"" RING WHITE",53.95,WHL,,,AllTerrain
64,LEGACY ,NUT24,,,,12X1.25 Chrome 6 Spline Lu,2.49,WHL,06/06/2025,,AllTerrain
1,PARTS UNLIMITED,03120047,65846,092971221324,065846,TIRE M59 80/100-21 TT,157.96,DTR,02/27/2024,BRIDGESTONE,Rifle
1,PARTS UNLIMITED,02310032,1425544014B,,1425544014B,WHEEL DLTA 14X7 4/110 BLK,117.38,WHL,07/23/2026,ITP,AllTerrain
4,SUPER ATV ,WHL-4.5-5-15-7-A14,,,,MADLOCK BEADLOCK WHEELS BLACK 5/4.5,307.95,WHL,06/24/2026,,AllTerrain
7,HONDA,31911-MBW-E11,,,,S/PLG (IMR8C-9H),17.99,PLG,08/14/2025,,AllTerrain
4,SUPER ATV ,WHL-4.5-5-15-7-G-,,,,MADLOCK BEADLOCK WHEELS GRAY 5/4.5,307.95,WHL,03/04/2025,,AllTerrain
2,PARTS UNLIMITED,03060237,4982,092971305529,004982,TIRE XDRA-MAX 160/80,382.54,TIR,09/01/2023,BRIDGESTONE,AllTerrain
8,PARTS UNLIMITED,21130104,YUAM720BH,048493721231,YUAM720BH,BATTERY YUASA YTX20HL,182.99,BAT,06/09/2026,YUASA,Rifle
9,KELTNER ,VALVE-STEM,,,,VALVE-STEM,2.99,WHL,,,AllTerrain
2,Husqavarna - East of ,45239093000,,,,SPARK PLUG LR8B,9.99,PLG,09/01/2026,,AllTerrain
1,WESTERN POWER ,490-2157,CB7C-A,191361093289,CB7C-A,BATTERY W/ACID CB7C-A 12V HEAV,68.99,BAT,04/02/2026,FIRE POWER,AllTerrain
1,BRP ,705401965,,,,FRONT RIM,189.99,WHL,01/13/2026,,AllTerrain
1,BRP ,705401417,,,,WHEEL FRONT,139.99,WHL,07/23/2026,,AllTerrain
8,BRP ,415130211,,,ILKR9Q7G,SPARK PLUG ILKR9Q7G,24.99,PLG,01/03/2025,,AllTerrain
20,BRP ,715900244,,,LMAR8C-9,SPARK PLUG - LMAR8C-9,16.99,PLG,07/23/2026,,AllTerrain
1,HONDA,NGK-R4118S-8,,,,S/PLG (R4118S-8),14.99,PLG,,,AllTerrain
1,HONDA,42711-102-764,,,,"TIRE, RR. (2.75-17)",47.17,TIR,,,AllTerrain
1,WESTERN POWER ,2-MR7BI-8,90982,087295909829,90982,SPARK PLUG #90982/04,28.99,PLG,05/07/2024,NGK,Rifle
5,Triumph Motorcycles ,T1290396,,,,"SPARK PLUG, NGK",45.71,PLG,04/09/2024,,AllTerrain
3,Husqavarna - East of ,A40039993010,,,,FACTORY SPARK PLUG,33.99,PLG,01/28/2026,,AllTerrain
1,WHEEL PROS,K4CS-10125BGR,,,,4 LUG 10X1.25 SPLINE W/ VALVES ,34.99,WHL,06/06/2025,,Rifle
3,WHEEL PROS,KS23557048510,,,,KS235 15X7 4X137 MACH 10MM,334.00,WHL,06/06/2025,,Rifle
2,BRP ,715009473,,,,DUAL_BATTERY KIT UR,246.09,BAT,09/17/2025,,Rifle
2,HONDA,31908-KRN-A41,,,R0451B-8,S/PLG (R0451B-8),28.82,PLG,10/11/2024,,AllTerrain
8,METAL FX WHEELS,78308,,,,DELTA BEADLOCK 15X7 4X156 +25,379.95,WHL,05/01/2024,,Rifle
4,METAL FX WHEELS,78516,,,,OUTLAW BEADLOCK 15X6 4/156 SATIN BLK,389.95,WHL,04/10/2024,,Rifle
4,METAL FX WHEELS,78513,,,,OUTLAW BEADLOCK 15X6 4/136 SATIN BLK,379.95,WHL,04/10/2024,,Rifle
1,PARTS UNLIMITED,03130798,,,,TIRE TECH2 PRO 110/90-19,102.88,DTR,02/27/2024,,Rifle
1,PARTS UNLIMITED,03130450,,,,TIRE AT81 110/100-18 ,127.95,DTR,02/27/2024,,Rifle
4,METAL FX WHEELS,78549GG,,,,78549 OUTLAW 6E BEADLOCK 15X7 6X139.7 ,399.95,WHL,06/18/2024,,Rifle
4,VALOR OFFROAD,V09-1570P4037SB,,,,VALOR V09 SATIN BLACK 4/137 +40MM,375.00,WHL,07/28/2026,,AllTerrain
8,VALOR OFFROAD,V08-1570P3076DT,,,,V08 BEADLOCK 15X7 +30 4X137 / 4X156 DUAL ,299.95,WHL,08/05/2025,,Rifle
2,VALOR OFFROAD,V10X125B-KIT,,,,10X1.25 4 LUG KIT 14MM BLACK,29.99,WHL,08/05/2025,,Rifle
4,VALOR OFFROAD,V09-1570P4037RM,,,,V09 BEADLOCK FLOW FORM 15X7 +40 4X137 ,399.95,WHL,08/05/2025,,Rifle
1,VALOR OFFROAD,V12X150B-KIT,,,,"12X1.50 SPLINE 4 LUG KIT 1.38"" BLACK",29.99,WHL,08/05/2025,,Rifle
8,YAMAHA (866-488-,BP7-HS100-00-00,,BP7HS1000000,,BP7HS10  NGK SPLUG,5.99,PLG,10/16/2014,,AllTerrain
1,WESTERN POWER ,49-2302,CTZ5S (FA),191361400896,CTZ5S (FA),BATTERY CTZ5S SEALED FACTORY ACTIVATED,53.99,BAT,09/01/2026,FIRE POWER,Rifle
1,WESTERN POWER ,2-D8EA,2120,087295121207,2120,SPARK PLUG #2120/10,5.99,PLG,07/07/2026,NGK,Rifle
1,WESTERN POWER ,57-94121B,RLUG-BX14B,033259992109,ALUGB-14BX,10MMX1.25 TAPERED LUG NUTS BLACK 60' 14MM ,36.95,WHL,02/25/2025,AWC,Rifle
39,BRP ,415128524,,,BR9ECS,PLUG-SPARK BR9ECS,14.99,PLG,02/18/2026,,AllTerrain
5,WESTERN POWER ,2-CR6HSA,2983,087295129838,2983,SPARK PLUG #2983/04,5.99,PLG,04/25/2025,NGK,Rifle
1,TURN 14 ,781307,,887337004785,,BTX14AHL-BS BIKEMSTR BATTERY,82.90,BAT,07/21/2023,,AllTerrain
1,Triumph Motorcycles ,T2500020,,,,YTX12-BS,109.99,BAT,05/20/2026,,AllTerrain
1,HONDA,31500-MCA-R32,,,,BATTERY (GYZ20L),163.98,BAT,12/10/2025,,AllTerrain
1,WESTERN POWER ,57-94136,ALUG19BX,682108197174,ALUG19BX,16/PK 12MMX1.25 TAPERED LUG NUTS 60' 17MM ,44.94,WHL,,ITP,Rifle
4,INTERSTATE ,MT-26,,,,BATTERY 525CCA,189.99,BAT,,,Rifle
2,WESTERN POWER ,61-4718,"SZ ""C""",191361368752,"SZ ""C""","V-BAR ATV/UTV TIRE SNOW CHAINS C 10""",125.95,ATR,11/19/2025,SEDONA,Rifle
2,WESTERN POWER ,61-4719,"SZ ""D""",191361368769,"SZ ""D""","V-BAR ATV/UTV TIRE SNOW CHAINS D 11""",147.95,ATR,11/01/2024,SEDONA,Rifle
4,WESTERN POWER ,2-BPR4HS-10,5024,087295150245,5024,SPARK PLUG #5024/10,4.99,PLG,04/25/2025,NGK,Rifle
2,WESTERN POWER ,2-CR9EKB,2305,087295123058,2305,SPARK PLUG #2305/10,18.99,PLG,03/17/2026,NGK,Rifle
8,BRP ,715900785,,,,SPARK PLUG LMAR8AI-8,31.99,PLG,07/23/2026,,AllTerrain
1,WESTERN POWER ,870-1000,MX7010017,191361368783,MX7010017,TIRE MX887IT FRONT 70/100-17 40M BIAS TT,76.95,DTR,02/27/2024,SEDONA,Rifle
10,POLARIS,3070190,,P3070190,RN57YCC,"SP.PLUG,CHAMPION RN57Y CC (4)",5.99,PLG,01/15/2025,,AllTerrain
10,KAWASAKI,BPR4HS,,BPR4HS,BPR4HS,NGK SPARK PLUG,5.99,PLG,07/31/2026,,AllTerrain
1,WESTERN POWER ,570-4002,MR26912,191361314025,MR26912,TIRE MUD REBEL 26X9-12 BIAS 6PR LR410LBS,145.95,ATR,12/11/2025,SEDONA,Rifle
4,WESTERN POWER ,3-0365,S3-0365,748252682390,S3-0365,TIRE XCR350 32X10R15,385.21,ATR,09/02/2025,SYSTEM 3,Rifle
2,WESTERN POWER ,49-2262,CT4B-5,191361094088,CT4B-5,BATTERY CT4B-5 SEALED FACTORY ACTIVATED,49.99,BAT,09/01/2026,FIRE POWER,Rifle
1,PARTS UNLIMITED,03130726,45236545,333705A100,45236545,TIRE MX53 120/90-18,155.95,DTR,08/21/2026,DUNLOP,AllTerrain
2,WESTERN POWER ,532-0102,AC-06653-2BK,191361279188,AC-06653-2BK,"WHEEL SPACER 1"" 4/156 STUD: 12MM X 1.5MM",106.95,WHL,11/19/2024,OPEN TRAIL,Rifle
2,WESTERN POWER ,532-0121,AC-06661-8BK,191361279386,AC-06661-8BK,"WHEEL SPACER 2"" 4/156 STUD: 12MM X 1.5MM",124.95,WHL,04/07/2026,OPEN TRAIL,Rifle
2,WESTERN POWER ,532-0155,AC-06656BK,191361279324,AC-06656BK,"WHEEL SPACER 1.5"" 4/137 STUD: 10MM X 1.25MM",112.95,WHL,12/09/2025,OPEN TRAIL,Rifle
1,WESTERN POWER ,56-8032,8032,191361439070,8032,SPARK PLUG CAP VB05F REPLACES NGK # 8032,10.99,PLG,12/26/2024,FIRE POWER,Rifle
1,WESTERN POWER ,873-0791,45273512,711484195259,45273512,TIRE GEOMAX MX34 REAR 110/100-18 64M BIAS ,137.95,DTR,09/25/2024,DUNLOP,Rifle
4,PARTS UNLIMITED,21130491,YUAM729BSTWN,,YUAM729BSTWN,BATTERY YTX9 FA,152.99,BAT,06/09/2026,YUASA,Rifle
4,VALOR OFFROAD,VAT-351000R15H1,,,,ALPHA 35X10R15 8 PLY H1 RADIAL,389.99,ATR,08/21/2026,,AllTerrain
17,KTM OEM,A44039093000,,,BR8ES,SPARK PLUG BR8ES,8.99,PLG,05/01/2026,,Rifle
4,HONDA,31912-MCW-003,,,,S/PLG (IMR9B-9H),23.99,PLG,,,AllTerrain
1,PARTS UNLIMITED,02420002,,716224019208,2MTX13111BST,SPINERGY WHEEL MXXE REAR,929.00,WHL,09/17/2024,,Rifle
1,TURN 14 ,BKM781313,781313,887337004815,781313,BIKEMASTER BTX7A-BS BATTERY,45.99,BAT,06/24/2026,BIKEMASTER,AllTerrain
4,WESTERN POWER ,3-0968,S3-0968,196261044447,S3-0968,TIRE XC450 35X10R15,410.52,ATR,06/25/2025,SYSTEM 3,Rifle
2,BRP ,705403081,,,,TIRE_27X9R14,174.99,ATR,06/30/2026,,AllTerrain
7,PARTS UNLIMITED,03660018,W997000,,W997000,TIRE CHAIN TENSIONER MSE,29.95,ATR,07/01/2025,MOOSE OFFROAD,Rifle
2,PARTS UNLIMITED,21130052,MOOM720BH,048493821238,MOOM720BH,BATTERY MOOSE YTX20HL,146.95,BAT,12/17/2025,MOOSE OFFROAD,Rifle
1,WESTERN POWER ,56-8030,8030,191361439063,8030,SPARK PLUG CAP LB05F/LB05FP REPLACES NGK ,10.99,PLG,08/26/2026,FIRE POWER,Rifle
1,PARTS UNLIMITED,03120281,047751232C0S2,,0312-0281,TIRE WASHOUGAL II 2.50-12,42.95,DTR,03/27/2024,KENDA,AllTerrain
1,KAWASAKI,26012-1569,,260121569,,"BATTERY,WET,(26R)",138.34,BAT,03/20/2026,,AllTerrain
6,POLARIS,0451967,,P0451967,0451967,CHAMPION SPARK PLUG,12.99,PLG,01/11/2022,,AllTerrain
4,WESTERN POWER ,490-2401,HJTZ7SL-FP-B,191361313363,HJTZ7SL-FP-B,FEATHERWEIGHT LITHIUM BATTERY 145 CCA ,159.95,BAT,09/01/2026,FIRE POWER,Rifle
2,WESTERN POWER ,61-4716,"SZ ""A""",191361368738,"SZ ""A""","V-BAR ATV/UTV TIRE SNOW CHAINS A 8""",103.95,ATR,11/01/2024,SEDONA,Rifle
3,WESTERN POWER ,87-3003,29937,086699299376,29937,TIRE MUD TERRAIN KM3 F/R 32X10R14 RADIAL ,316.99,ATR,04/25/2025,BFGOODRICH,Rifle
1,MEYERS ,METCR2032,CR2032,086429153602,CR2032,LITHIUM 3 VOLT BATTERY PACKAGE OF 5,64.00,BAT,,Metra,AllTerrain
2,WESTERN POWER ,49-2261,CT12A-BS,191361094071,CT12A-BS,BATTERY CT12A SEALED FACTORY ACTIVATED,83.99,BAT,04/25/2025,FIRE POWER,Rifle
4,WESTERN POWER ,570-2028,A21MA-57037+10S,682108275995,A21MA-57037+10S,SANO BDLK WHEEL 15X7 4/137 5+2 (+10MM) ,335.95,WHL,04/14/2026,SEDONA,Rifle
4,WESTERN POWER ,570-2133,A14SB-57037+10,682108313536,A14SB-57037+10,ALPHA HYPER WHEEL 4/137 HYPER SILVER/BLK ,329.00,WHL,07/22/2025,RACELINE,Rifle
2,KAWASAKI,A6,,,A-6,NGK SPARK PLUG,3.53,PLG,,,AllTerrain
5,BETA USA,006.10.050.00.00,,,,"SPARK PLUG, M12X1,25",25.99,PLG,07/03/2026,,AllTerrain
1,WESTERN POWER ,87-3001,33172,086699331724,33172,TIRE MUD TERRAIN KM3 F/R 28X10R14 RADIAL ,266.99,ATR,04/25/2025,BFGOODRICH,Rifle
3,WESTERN POWER ,49-2130,CT9B-4,191361093852,CT9B-4,BATTERY CT9B-4 CT9B SEALED FACTORY ,88.99,BAT,09/01/2026,FIRE POWER,Rifle
1,WESTERN POWER ,49-2241,CTX14AHL-BS(FA),191361093883,CTX14AHL-BS(FA),BATTERY CTX14AHL/CB14L-A2 SEALED ,99.99,BAT,04/25/2025,FIRE POWER,Rifle
2,WESTERN POWER ,49-2244,CTX5L-BS(FA),191361093913,CTX5L-BS(FA),BATTERY CTX5L SEALED FACTORY ACTIVATED,54.99,BAT,09/01/2026,FIRE POWER,Rifle
1,WESTERN POWER ,49-2286,CTZ10S,191361094286,CTZ10S,BATTERY CTZ10S SEALED FACTORY ACTIVATED,116.99,BAT,04/25/2025,FIRE POWER,Rifle
2,PARTS UNLIMITED,21130627,300670,3564093006709,300670,BATTERY BS BTX5L (FA,69.99,BAT,08/27/2026,BS BATTERY,Rifle
4,PARTS UNLIMITED,03201361,15226611,,15226611,TIRE M1 EVIL 32X10R15,309.95,ATR,10/09/2025,AMS,AllTerrain
4,POLARIS,5416699,,,,"TIRE-CRAWLERXG,32X10R15",279.99,ATR,12/24/2025,,AllTerrain
3,BETA USA,036.11.001.00.00,,,gr7ci8,SPARK PLUG IRIDIO T40352G,34.99,PLG,09/08/2026,,AllTerrain
1,VALOR OFFROAD,V13-1570P1037SB,,,,V13 BEADLOCK 15X7 + 10MM 4X137 SATIN BLK,299.95,WHL,07/23/2026,,Rifle
1,KAWASAKI,BP7ES,,BP7ES,087295110348,TR380057,4.99,PLG,08/07/2008,,AllTerrain
1,PARTS UNLIMITED,02230223,SPMO3803BL4,,SPMO3803BL4,LUGNT 3/8 SPLIND BLK 16PK,26.95,WHL,07/07/2026,MOOSE OFFROAD,Rifle
1,WESTERN POWER ,57-94136B,RLUG-CS19B,191361262180,RLUG-CS19B,16/PK 12MMX1.25 TAPERED LUG NUTS 60' ,49.95,WHL,07/20/2024,SEDONA,Rifle
1,WESTERN POWER ,873-0656,45236545,191361227127,45236545,TIRE GEOMAX MX53 REAR 120/90-18 65M BIAS TT,155.95,DTR,07/02/2025,DUNLOP,Rifle
1,WESTERN POWER ,873-0658,45236424,191361227127,45236424,TIRE GEOMAX MX53 REAR 110/90-19 62M BIAS TT,169.95,DTR,06/25/2025,DUNLOP,Rifle
1,WESTERN POWER ,873-0659,45236685,191361227127,45236685,TIRE GEOMAX MX53 REAR 120/80-19 63M BIAS TT,171.95,DTR,06/25/2025,DUNLOP,Rifle
1,WESTERN POWER ,873-0902,45261504,196261049954,45261504,TIRE GEOMAX AT82 REAR 110/100-18 64M BIAS ,153.95,DTR,06/25/2025,DUNLOP,Rifle
2,PARTS UNLIMITED,03201386,14163611,,14163611,TIRE M2 EVIL 27X11R14,243.95,ATR,07/15/2026,AMS,AllTerrain
1,PARTS UNLIMITED,IRC123,T10180,,IRC-123,VE-35 80/100-21 ENDURO,97.95,DTR,06/30/2026,IRC,AllTerrain
10,HONDA,98079-5587G,,,ZFR5F,SPARK PLUG (ZFR5F),4.99,PLG,,,AllTerrain
3,HONDA,31909-MEN-A31,,,SILMAR9A9S,S/PLG (SILMAR9A9S),25.99,PLG,06/26/2026,,AllTerrain
6,KAWASAKI,DCPR8EIX,,DCPR8EIX,,DCPR8EIX NGK,16.99,PLG,05/13/2009,,AllTerrain
1,KAWASAKI,BP5HS,,BP5HS,087295141113,TR380059,4.99,PLG,06/20/2003,,AllTerrain
1,POLARIS,3024016,,P3024016,3024016,SPARK PLUG-14MM AUTOLITE 5926,10.99,PLG,02/24/2026,,AllTerrain
4,VALOR OFFROAD,V16-1570P3505SB,,,,V16 Beadlock UTV Wheel Satin Black  5x114.3 (5x4.,325.00,WHL,09/03/2026,,AllTerrain
4,VALOR OFFROAD,V16-1570P3505GM,,,,V16 Beadlock UTV Wheel Satin Gunmetal Bolt ,325.00,WHL,02/17/2026,,AllTerrain
4,VALOR OFFROAD,VTT-351000R15H1,,,,Tango UTV Tire Size: UT35x10.00R15 ,339.00,ATR,09/11/2026,,AllTerrain
4,VALOR OFFROAD,V09-1570P4006BC,,,,VALOR V09 15X7 +40MM 6X139.7 ,375.00,WHL,02/17/2026,,AllTerrain
4,WESTERN POWER ,577-0380,TM00118500,4717784518657,TM00118500,TIRE ROXXZILLA STD CMPD 30X10R14 8PR,349.00,ATR,04/01/2026,MAXXIS,Rifle
4,SUPER ATV ,XT-WARRIOR-35-10-,,,,SuperATV XT Warrior Tires - SlikRok Edition STICKY,392.95,ATR,05/12/2026,,AllTerrain
1,Husqavarna - East of ,U693440,,,,DUNLOP TIRE MX34 110/90-19,172.95,DTR,02/10/2026,,AllTerrain
2,WESTERN POWER ,873-1643,45278503,848983039835,45278503,TIRE GEOMAX MX54 FRONT 60/100-14 29M BIAS ,59.95,DTR,06/02/2026,DUNLOP,Rifle
1,WESTERN POWER ,873-1645,45278505,848983039859,45278505,TIRE GEOMAX MX54 FRONT 70/100-19 42M BIAS ,74.95,DTR,05/26/2026,DUNLOP,Rifle
2,WESTERN POWER ,873-1649,45278509,848983039897,45278509,TIRE GEOMAX MX54 REAR 90/100-14 49M BIAS TT,75.95,DTR,06/02/2026,DUNLOP,Rifle
1,WESTERN POWER ,873-1657,45278517,848983039972,45278517,TIRE GEOMAX MX54 REAR 120/90-19 66M BIAS TT,197.95,DTR,05/26/2026,DUNLOP,Rifle
1,WESTERN POWER ,873-1653,45278513,848983039934,45278513,TIRE GEOMAX MX54 REAR 120/90-18 65M BIAS TT,142.95,DTR,05/26/2026,DUNLOP,Rifle
2,KAWASAKI,BPR4ES,,BPR4ES,,SPARK PLUG BPR4ES,4.99,PLG,02/25/2026,,AllTerrain
4,POLARIS,T351015XG,,PT351015XG,T351015XG,35X10.5R15 CRAWLER XG TIRE,309.95,ATR,07/30/2026,,AllTerrain
4,PARTS UNLIMITED,03201180,01201,086699012012,01201,TIRE BFG KM3 35X11R15,439.99,ATR,06/19/2026,BF GOODRICH,AllTerrain
2,KTM OEM,54331093410,,,BR8ECM,SPARK PLUG NGK BR8ECM,21.99,PLG,02/17/2026,,Rifle
3,AUTOMATIC ,844053,TM00207900,4717784521695,,"MAXXIS LIBERTY 32X10.00 R15 8PR, TL N.H.S",333.00,ATR,06/24/2025,MAXXIS,AllTerrain
4,PARTS UNLIMITED,03201360,15206611,,15206611,TIRE M1 EVIL 30X10R15,293.95,ATR,08/07/2026,AMS,AllTerrain
2,WESTERN POWER ,532-0153,AC-06656-5BK,191361279300,AC-06656-5BK,"WHEEL SPACER 1.5"" 4/137 STUD: 12MM X 1.5MM",131.95,WHL,05/22/2024,OPEN TRAIL,Rifle
27,BRP ,715900935,,,,SPARK PLUG SILMAR9F7,31.99,PLG,07/23/2026,,AllTerrain
10,WESTERN POWER ,2-MR7F,95897,087295958971,95897,SPARK PLUG #95897/04,18.99,PLG,08/07/2026,NGK,Rifle
6,Husqavarna - East of ,A40039093012,,,,SPARK PLUG AR12C,6.99,PLG,03/17/2026,,AllTerrain
1,PARTS UNLIMITED,03400413,T10320,,0340-0413,TIRE MB90 90/90-10 50J,46.95,TIR,,IRC,AllTerrain
1,BETA USA,12.25126.000,,,,SPARKPLUG,30.43,PLG,07/31/2026,,AllTerrain
1,POLARIS,4014132-P,,,,"BATTERY, FLOODED, FILLED, 575 C",174.99,BAT,08/19/2026,,Rifle
1,PARTS UNLIMITED,YB16CLB,YUAM2S6CLTWN,048493286358,YB16CL-B,BATTERY-YUASA,175.99,BAT,10/17/2025,YUASA,AllTerrain
1,INDIAN ,5417578,,P5417578,,"TIRE-FT,130/80B17 CRSTEC I-SPC",199.99,TIR,01/22/2025,,AllTerrain
4,DUCATI CAGIVA,67040351A,,,,SPARK PLUG,25.99,PLG,,,AllTerrain
8,KAWASAKI,D6EA,,D6EA,087295175125,TR380077,4.99,PLG,06/05/2026,,AllTerrain
1,WESTERN POWER ,49-2278,CTX16-BS-1,191361094224,,BATTERY MAINT FREE CTX16-BS-1,151.99,BAT,04/17/2026,FIRE POWER,AllTerrain
1,WESTERN POWER ,490-2227,CB16B-A1,191361093548,CB16B-A1,BATTERY W/ACID CB16B-A1 12V HE,125.99,BAT,05/26/2022,FIRE POWER,AllTerrain
3,PARTS UNLIMITED,03130723,45236568,333704A100,45236568,TIRE MX53 110/100-18,148.95,DTR,12/17/2025,DUNLOP,Rifle
9,BRP ,415129944,,,MR8BI-8,SPARK PLUG MR8BI-8,29.99,PLG,10/24/2025,,AllTerrain
2,TURN 14 ,781385,,887337005003,,BT14B-4 BIKEMSTR BATTERY,85.00,BAT,07/28/2023,,AllTerrain
1,Triumph Motorcycles ,T2501823,,,,"BATTERY, 12V, 1",117.99,BAT,10/17/2025,,AllTerrain
1,PARTS UNLIMITED,YTX5LBS,YUAM32X5B,048493328515,YUAM32X5B,BATTERY-MNT FREE.24 LITER,76.99,BAT,06/11/2025,YUASA,Rifle
4,TURN 14 ,521510,,,S3-0335,XCR 350 28X10R-14 SYSTEM-3,298.93,ATR,06/07/2019,,AllTerrain
10,BRP ,415130363,,,LMAR9AI8D,LMAR9AI-8D/SPARK PLUG,31.99,PLG,07/24/2026,,Rifle
4,SUPER ATV ,AT-INC-30-10-14,,,,AT-INCURSION TIRE - 30X10.00R14,270.95,ATR,02/11/2025,,Rifle
4,SUPER ATV ,AT-INC-35-10-15,,,,SUPERATV INCURSION A/T 35x10 15 ,333.95,ATR,06/17/2026,,Rifle
2,PARTS UNLIMITED,21130621,3006361,3661451001366,3006361,BATTERY BS BTZ10S (FA),139.99,BAT,04/28/2026,BS BATTERY,Rifle
4,WHEEL PROS,KS139SD15701238,KS139SD15701238,0,,KS139 15X7 5X4.5 SLV-MACH 38MM,232.00,WHL,06/17/2025,,AllTerrain
18,POLARIS,3024357,,,,"SPARK PLUG-NGK,BPR8ES",5.99,PLG,01/07/2026,,AllTerrain
6,KAWASAKI,CPR9EB-9,,CPR9EB9,,SPARK PLUG CPR9EB-9,9.99,PLG,06/11/2025,,AllTerrain
4,SUPER ATV ,WHL-DD-15-7-G-A14,,,,MADLock Beadlock Wheels - 15x7 - Dual Drill 4/137 ,307.95,WHL,03/04/2025,,Rifle
1,TURN 14 ,423817,,4897030000000,LFX27L3-BS12,"LITHIUM BATT 27AH 12V EQ,""L""3",295.95,BAT,,,AllTerrain
6,Husqavarna - East of ,47039093000,,,,SPARK PLUG BR10ECMVX,23.99,PLG,03/25/2026,,AllTerrain
1,POLARIS,5416561,,P5416561,5416561,"TIRE-DT3R,RR,150/70R18",279.99,TIR,09/27/2023,,AllTerrain
4,VALOR OFFROAD,V16-1570P3537GM,,,,V16 Beadlock UTV Wheel Satin Gunmetal Bolt ,325.00,WHL,02/17/2026,,AllTerrain
4,VALOR OFFROAD,V12X150B-KIT6,,,,"12X1.50 SPLINE 6 LUG KIT 1.38"" BLACK",39.99,WHL,07/14/2026,,AllTerrain
2,PARTS UNLIMITED,03021104,45067841,848983010759,0302-1104,TIRE SM GPR300 190/50ZR17,201.95,TIR,03/03/2026,DUNLOP,AllTerrain
1,PARTS UNLIMITED,03130664,45174552,269613A100,0313-0664,TIRE D952 120/90-19,115.95,DTR,08/15/2026,DUNLOP,AllTerrain
1,PARTS UNLIMITED,03170010,45162910,697662105268,0317-0010,TIRE D606 130/90-18 REAR,160.95,TIR,09/02/2025,DUNLOP,AllTerrain
1,POLARIS,4080210,,,,BATTERY-SEALED 12V 1.2AH,36.99,BAT,06/02/2026,,Rifle
1,PARTS UNLIMITED,32NI50,45605310,697662104568,32NI-50,D404 150/90H15 REAR,211.95,TIR,09/27/2023,DUNLOP,AllTerrain
2,PARTS UNLIMITED,32SF21,45162083,697662104216,32SF-21,D606 90/90-21 FRONT 54R,157.95,TIR,09/05/2026,DUNLOP,AllTerrain
1,PARTS UNLIMITED,03120377,45236955,333692A100,45236955,TIRE MX53 60/100-12,60.95,DTR,05/07/2024,DUNLOP,AllTerrain
2,PARTS UNLIMITED,03130999,45273515,354509A100,45273515,TIRE MX34 110/90-19,155.95,DTR,08/28/2026,DUNLOP,AllTerrain
2,PARTS UNLIMITED,03120376,45236325,333691A100,45236325,TIRE MX53 60/100-10,62.95,DTR,06/19/2026,Dunlop,AllTerrain
1,POLARIS,4080210,,,,BATTERY-SEALED 12V 1.2AH,36.99,BAT,04/24/2026,,AllTerrain
1,PARTS UNLIMITED,03130910,77166,086699771667,77166,TIRE SC6MS 110/90-19 62M,147.95,DTR,12/18/2025,MICHELIN,Rifle
5,KAWASAKI,PZFR7G-G,,PZFR7GG,,SPARK PLUG PZFR7G-G,25.99,PLG,05/26/2015,,AllTerrain
9,KAWASAKI,CPR8EA-9,,CPR8EA9,,SPARK PLUG CPR8EA-9,8.99,PLG,02/13/2026,,AllTerrain
1,BRP ,515176151,,,,BATTERY_12 VOLT 30AH,209.95,BAT,08/18/2026,,Rifle
24,POLARIS,3023413,,P3023413,3023413,NGK ZMR7A-10   SPARK PLUG - 10MM,12.99,PLG,05/27/2026,,AllTerrain
4,SUPER ATV ,AT-INC-35-10-15,,,,AT-INCURSION TIRE - 35X10.00R15,333.95,ATR,09/03/2026,,AllTerrain
1,PARTS UNLIMITED,03130907,95670,086699956705,95670,TIRE SC6MH 120/80-19 63M,152.95,DTR,07/29/2025,MICHELIN,Rifle
2,PARTS UNLIMITED,03130908,16782,086699167828,16782,TIRE SC6MH 120/90-1865M,143.95,DTR,12/18/2025,MICHELIN,Rifle
85,LEGACY ,NUT21,,,,12X1.5 BLACK 6 SPLINE LUG NUT,2.49,WHL,04/16/2026,,AllTerrain
4,SUPER ATV ,WHL-DD-15-7-A14,,,,MADLOCK BEADLOCK WHEELS BLACK 4/137 & ,307.95,WHL,02/03/2026,,AllTerrain
10,BRP ,415130430,,,PZFR6F,PZFR6F/SPARK PLUG,29.99,PLG,02/11/2025,,Rifle
7,WHEEL PROS,N209-500,,,,35X9.5OR15LT  SXS NITTO TRAIL GRAPPLER 34.5 ,385.99,ATR,04/28/2026,,AllTerrain
3,PARTS UNLIMITED,MT6608,1016400,8019227101645,1016400,MT66-F 120/90S17 TT,176.95,TIR,,PIRELLI,AllTerrain
1,WESTERN POWER ,2-BKR5ES,2460,087295124604,2460,SPARK PLUG #2460/04,5.99,PLG,04/25/2025,NGK,Rifle
2,WESTERN POWER ,2-ZFR4F-11,4043,087295140437,4043,SPARK PLUG #4043/04,5.99,PLG,,NGK,Rifle
2,PARTS UNLIMITED,03130729,45236400,333699A100,45236400,TIRE MX53 80/100-12,65.95,DTR,09/05/2026,DUNLOP,AllTerrain
1,WESTERN POWER ,490-2431,LFP02-B,191361313493,LFP02-B,FEATHERWEIGHT LITHIUM BATTERY 165 CCA ,182.95,BAT,04/21/2026,FIRE POWER,Rifle
7,BRP ,715900352,,,LMAR8D-J,SPARK PLUG LMAR8D-J,31.99,PLG,03/18/2026,,AllTerrain
7,WESTERN POWER ,2-CR9E,6263,087295162637,6263,SPARK PLUG #6263/04,13.99,PLG,04/25/2025,NGK,Rifle
4,VALOR OFFROAD,V06-1580P4005BG,,,,V06 BEADLOCK 15X8 +40 5X114.3 BRUSHED ,304.00,WHL,09/11/2026,,AllTerrain
2,PARTS UNLIMITED,RCB7CA,,,RCB7CA,BATTERY YB7C-A,68.99,BAT,07/29/2026,PARTS UNLIMITED,AllTerrain
8,METAL FX WHEELS,78322,,,,Delta R Beadlock | Satin Black Contrast Cut 15x7 | ,389.00,WHL,06/09/2026,,AllTerrain
1,POLARIS,4081841,,,,"BATTERY-YTX20HL,18AH,310CAA,V3",159.99,BAT,06/06/2025,,AllTerrain
1,WESTERN POWER ,490-2097,12N7D-3B,191361093098,12N7D-3B,BATTERY W/ACID 12N7D-3B 12V,51.99,BAT,04/10/2026,FIRE POWER,AllTerrain
4,Husqavarna - East of ,69139093000,,,LMAR7A9,SPARK PLUG LMAR7A9,55.10,PLG,03/06/2026,,AllTerrain
1,WESTERN POWER ,49-2301,CTX20HL-BSA,191361094439,CTX20HL-BSA,BATTERY CTX20HL-BSA MAINTENANC,118.99,BAT,01/23/2024,FIRE POWER,AllTerrain
2,Triumph Motorcycles ,T2508811,,,,"BATTERY, LITHIU",243.45,BAT,04/02/2024,,AllTerrain
6,WESTERN POWER ,2-CR9EIX,3521,087295135211,3521,SPARK PLUG #3521/04,18.99,PLG,04/25/2025,NGK,Rifle
1,WESTERN POWER ,57-94121,RLUG-BX14C,033259992109,ALUG14BX,10MMX1.25 TAPERED LUG NUTS 60' 14MM HEAD ,27.95,WHL,05/06/2025,AWC,Rifle
1,POLARIS,5416560,,P5416560,5416560,"TIRE-DT3R,FT,120/70R19",249.99,TIR,05/08/2020,,AllTerrain
7,WESTERN POWER ,2-BR10EG,3830,087295138304,3830,SPARK PLUG #3830/04,11.99,PLG,04/25/2025,NGK,Rifle
4,WESTERN POWER ,2-BR9EG,3230,087295132302,3230,SPARK PLUG #3230/04,11.99,PLG,04/25/2025,NGK,Rifle
1,WESTERN POWER ,49-2131,CT14B-4,191361093869,CT14B-4,BATTERY CT14B-4 SEALED FACTORY,96.99,BAT,06/02/2026,FIRE POWER,AllTerrain
1,WESTERN POWER ,49-2249,CTX7A-BS(FA),191361093968,CTX7A-BS(FA),SEALED FACTORY ACTIVATED BATTE,62.99,BAT,09/03/2026,FIRE POWER,AllTerrain
1,PARTS UNLIMITED,03040084,127050,092971258061,127050,TIRE G852R-G 240/55R16,473.34,TIR,08/19/2025,Bridgestone/Firestone,AllTerrain
4,WESTERN POWER ,57-94131B,RLUG-CS20B,682108197174,RLUG-CS20B,12MMX1.50 LOCK STYLE LUG NUTS BLACK ,52.95,WHL,07/09/2025,AWC,AllTerrain
3,PARTS UNLIMITED,03130953,13849,092971306373,13849,TIRE X31 110/90-19 62M,174.98,DTR,06/03/2026,BRIDGESTONE,AllTerrain
3,PARTS UNLIMITED,03130954,13850,092971302559,13850,TIRE X31 120/80-19 63M,185.37,DTR,06/03/2026,BRIDGESTONE,AllTerrain
2,WESTERN POWER ,49-2285,CTZ7S,191361094279,CTZ7S,BATTERY FA SEALED CTZ7S FACTOR,78.99,BAT,06/02/2026,FIRE POWER,AllTerrain
1,CF MOTO,30703-1479,,,,TIRE,179.99,ATR,06/03/2026,,AllTerrain
4,WESTERN POWER ,570-1615,A91G-57056-52,682108000000,,RACELINE RYNO BEADLOCK 4/156 1,315.00,WHL,08/06/2025,RACELINE,AllTerrain
4,WESTERN POWER ,3-155537,15S3-5537,748252682390,15S3-5537,SB-5 15X7 4/137 5+2 SBL BLK,299.69,WHL,04/03/2026,SYSTEM 3,AllTerrain
1,PARTS UNLIMITED,03130724,45236424,333707A100,0313-0724,TIRE MX53 110/90-19,169.95,DTR,06/26/2026,DUNLOP,AllTerrain
1,PARTS UNLIMITED,03020846,75390,086699753908,0302-0846,TIRE RD 4 180/55ZR17 73W,289.95,TIR,08/21/2026,MICHELIN,AllTerrain
1,PARTS UNLIMITED,03050280,43863,086699438638,0305-0280,TIRE CMDR2 130/80B17 65H,249.95,TIR,,MICHELIN,AllTerrain
8,VALOR OFFROAD,VTT-320950R15H1,,,,Tango UTV Tire 32x9.5r15,299.00,ATR,04/02/2026,,Rifle
1,PARTS UNLIMITED,03021349,9329,092971201500,0302-1349,TIRE S22 190/50ZR17 73W,324.21,TIR,12/16/2025,BRIDGESTONE,AllTerrain
4,WHEEL PROS,KS239DX15706U38,,,,KS239 IMPACT UTV BEADLOCK MACHINE 6X139.7 ,317.00,WHL,08/05/2025,,Rifle
4,WHEEL PROS,KS242DX15706U38,,,,KS242 AZTEC BEADLOCK MACHINE 6X139.7 15X7 ,317.00,WHL,08/12/2025,,Rifle
4,WHEEL PROS,KS139LX15704838,,,,KS139 TECHNIC UTV 4X137 15X7 METALLIC BLUE,232.00,WHL,08/05/2025,,Rifle
97,BRP ,715900637,,,DCPR8E,"SPARK PLUG, NGK DCPR8E",9.99,PLG,03/18/2026,,AllTerrain
1,PARTS UNLIMITED,03130622,7205,092971306434,0313-0622,TIRE X40 120/80-19 63M,184.33,DTR,07/08/2026,BRIDGESTONE,AllTerrain
4,WHEEL PROS,KS239MX15704410,KS239MX15704410,0,,IMPACT UTV BL 15X7 4X156 115 +10 S-BLK,317.00,WHL,07/22/2026,,AllTerrain
1,WESTERN POWER ,49-2254,CTX14L-BS(FA),191361094019,,BATTERY CTX14L FA,96.99,BAT,03/06/2026,FIRE POWER,AllTerrain
1,WESTERN POWER ,49-2290,CTX20CH-BS,191361094323,,BATTERY MAINT FREE CTX20CH-BS,125.99,BAT,03/05/2026,FIRE POWER,AllTerrain
1,WESTERN POWER ,49-2286,CTZ10S,191361094286,,BATTERY FA SEALED CTZ10S FACTO,116.99,BAT,07/23/2026,FIRE POWER,AllTerrain
6,Husqavarna - East of ,77239093000,,,,PLUG NGK LMAR9AI - 8,30.99,PLG,07/18/2026,,AllTerrain
1,WESTERN POWER ,49-2297,CTX19-BS,191361000000,CTX19-BS,BATTERY CTX19-BS MAINTENANCE F,171.99,BAT,06/09/2021,FIRE POWER,AllTerrain
2,WESTERN POWER ,490-2247,CB30CL-B,191361093630,,BATTERY W/ACID PACK CB30CL-B,163.99,BAT,06/18/2024,FIRE POWER,AllTerrain
2,WESTERN POWER ,49-2244,CTX5L-BS(FA),191361093913,CTX5L-BS(FA),BATTERY CTX5L FA SEALED FACTOR,54.99,BAT,09/10/2026,FIRE POWER,AllTerrain
1,WESTERN POWER ,1017-00-0042,1017-00-0042,705105081793,1017-00-0042,BOGIE WHEEL CAP,4.95,WHL,03/02/2023,CAMSO,AllTerrain
4,VALOR OFFROAD,V08-1570P3076DT,,,, V08 BEADLOCK 15X7 +30MM 4X137/4X156 DARK ,280.00,WHL,07/28/2026,,AllTerrain
4,PARTS UNLIMITED,03201117,TM00117400,4717784521671,TM00117400,TIRE ROXXZILLA 35X10R15,414.00,ATR,01/22/2026,MAXXIS,Rifle
2,METAL FX WHEELS,78321,,,,Delta R Beadlock | Satin Black 15x10 | +0mm/5+5 | ,449.00,WHL,06/19/2025,,AllTerrain
1,POLARIS,4017419,,,,BATTERY-U1,134.99,BAT,04/30/2026,,Rifle
4,PARTS UNLIMITED,03201359,14226611,,14226611,TIRE M1 EVIL 32X10R14,309.95,ATR,08/04/2026,AMS,AllTerrain
1,BRP ,705503276,,,,TIRE_255/65R14 REAR,190.99,ATR,07/11/2026,,AllTerrain
1,POLARIS,5418231,,P5418231,,"TIRE-FT,130/60B19 66H CRSTC",199.99,TIR,07/01/2025,,AllTerrain
3,KTM OEM,U69FS20,,,,DUNLOP TIRE FACTORY SPEC 120/90-19,193.95,DTR,12/20/2024,,Rifle
1,KTM OEM,U69FS80,,,,DUNLOP TIRE FACTORY SPEC 80/100-21,159.95,DTR,01/17/2025,,Rifle
10,KAWASAKI,DPR9Z,,DPR9Z,087295148303,TR380072,5.99,PLG,03/17/2023,,AllTerrain
4,VALOR OFFROAD,V07-1570P2537SG,,,,V07 Satin Graphite UTV Beadlock 4X137 +25,309.00,WHL,08/22/2025,,Rifle
9,KTM OEM,47039093000,,,BR10ECMVX,SPARK PLUG BR10ECMVX,23.99,PLG,05/01/2026,,Rifle
1,PARTS UNLIMITED,03120514,45273505,354500A100,45273505,TIRE MX34 80/100-21,131.95,DTR,09/05/2026,DUNLOP,AllTerrain
1,PARTS UNLIMITED,03020138,12513,086699125132,0302-0138,TIRE PWR 2CT 190/50ZR17,258.95,TIR,09/06/2025,MICHELIN,AllTerrain
4,PARTS UNLIMITED,03201357,14186611,,14186611,TIRE M1 EVIL 28X10R14,275.95,ATR,05/08/2026,AMS,AllTerrain
10,Triumph Motorcycles ,T1296999,,,,"PLUG, SPARK, DPR6EA-9",6.99,PLG,03/15/2022,,AllTerrain
19,Triumph Motorcycles ,T1290024,,,,SPARK PLUG NGK,7.99,PLG,04/11/2023,,AllTerrain
2,HONDA,31918-K97-T01,,,MR8K-9,SPARK PLUG (MR8K-9),6.99,PLG,,,AllTerrain
1,ARCTIC CAT,3006-367,,886224133652,,"CAP, SPARK PLUG-NGK TB05EMD",37.99,PLG,,,AllTerrain
14,YAMAHA (866-488-,LFR-7A000-00-00,,LFR7A0000000,,LFR7A NGK SPLUG 10PK,14.99,PLG,05/26/2023,,AllTerrain
4,WESTERN POWER ,2-BCPR7ES,6282,087295162828,6282,SPARK PLUG #6282/04,5.99,PLG,03/07/2023,NGK,AllTerrain
4,KAWASAKI,BKR5E-11,,BKR5E11,98079-5514E,BKR5E11 NGK PLUG,4.99,PLG,07/24/2026,,AllTerrain
3,HONDA,31912-MEE-671,,,,S/PLG (IMR9C-9HE),17.99,PLG,,,AllTerrain
2,KAWASAKI,DPR7EIX9,,DPR7EIX9,DPR7EIX-9,NGK IRIDIUM SPARK PLUG,16.99,PLG,11/05/2008,,AllTerrain
4,HONDA,98059-5991F,,,,S/PLG (CR9EHVX-9),13.99,PLG,,,AllTerrain
2,HONDA,98069-5991F,,,,S/PLG (DPR9EVX-9),13.99,PLG,,,AllTerrain
2,HONDA,98076-54716,,,,SPARK PLUG (BR-4HS),3.99,PLG,,,AllTerrain
1,HONDA,98076-54917,,,,S/PLG (BPR4HS-10),2.99,PLG,,,AllTerrain
2,KAWASAKI,B9EGV,,B9EGV,087295158272,TR380044,12.99,PLG,09/09/2003,,AllTerrain
1,KAWASAKI,B9HS,,B9HS,,TR380023,4.99,PLG,,,AllTerrain
27,KAWASAKI,DR8ESL,,DR8ESL,DR8ES-L,TR380064,4.99,PLG,02/28/2023,,AllTerrain
1,POLARIS,3022462,,P3022462,3022462,SPARKPLUG-10MM RG4YCX (4),9.99,PLG,03/31/2017,,AllTerrain
9,KAWASAKI,CR9E,,CR9E,,SPARK PLUG CR9E,8.99,PLG,06/26/2026,,AllTerrain
7,BRP ,296000407,,,KR9C-G,SPARK PLUG 12 KR9C-G,8.99,PLG,12/26/2017,,AllTerrain
4,BRP ,420897094,,,,SPARK PLUG,28.99,PLG,07/03/2020,,AllTerrain
2,Husqavarna - East of ,55439193000,,,,SPARK PLUG,30.99,PLG,07/10/2026,,AllTerrain
1,PARTS UNLIMITED,BKR6E11,2756,087295127568,BKR6E-11,SPARK PLUG NGK,6.99,PLG,06/27/2018,NGK SPARK PLUGS,AllTerrain
8,KAWASAKI,PZFR6H,,,PZFR6H,NGK SPARK PLUG,16.46,PLG,08/01/2007,,AllTerrain
1,WESTERN POWER ,45-9502,8070,087295180709,8070,SPARK PLUG RESISTOR COVER 90 DEG. ELBOW ,3.99,PLG,,NGK,AllTerrain
7,EBAY ,LD05F-EBAY,,,,SPARK PLUG RESISTOR COVER LD05F,12.99,PLG,01/06/2023,,AllTerrain
2,KAWASAKI,A8,,,A-8,NGK SPARK PLUG,3.53,PLG,,,AllTerrain
5,EBAY ,LB05F-EBAY,,,,SPARK PLU RESISTOR COVER LB05F,10.99,PLG,01/13/2023,,AllTerrain
12,HONDA,31909-HL4-AJ1,,,LMAR7M-9S,S/PLG (LMAR7M-9S),25.99,PLG,10/11/2024,,AllTerrain
5,HONDA,98079-5587V,,,ZGR5A,SPARK PLUG (ZGR5A),4.99,PLG,,,AllTerrain
14,Triumph Motorcycles ,T1296501,,,,"SPARK PLUG, M10",20.99,PLG,02/13/2025,,AllTerrain
1,HONDA,98059-56916,,,,"SPARK PLUG,CR6EH-",24.99,PLG,,,AllTerrain
1,PARTS UNLIMITED,BR7HS,4122,BR7HS,,SPARK PLUG BR7HS,5.99,PLG,05/28/2024,NGK SPARK PLUGS,AllTerrain
6,TURN 14 ,380358,,87295057919,5791,BKR7E-11 PLUG NGK **EACH**,4.14,PLG,02/09/2023,,AllTerrain
2,KAWASAKI,ZFR4F11,,,ZFR4F-11,NGK SPARK PLUG,4.08,PLG,09/18/2007,,AllTerrain
11,KAWASAKI,CR9EKB,,CR9EKB,,SPARK PLUG CR9EKB,14.99,PLG,01/05/2024,,AllTerrain
1,BRP ,420897114,,,,SPARK PLUG,25.99,PLG,03/21/2024,,AllTerrain
4,PARTS UNLIMITED,21030130,6799,087295167991,6799,NGK SPARK PLUG LZKAR7A,12.99,PLG,,NGK SPARK PLUGS,AllTerrain
2,HONDA,12290-RSH-003,,,,S/PLG (IFR6G-11K),23.99,PLG,,,AllTerrain
2,KAWASAKI,A7,,,A-7,NGK SPARK PLUG,3.53,PLG,,,AllTerrain
7,KAWASAKI,B10EGV,,B10EGV,B10EGV,NGK SPARK PLUG,12.99,PLG,,,AllTerrain
2,POLARIS,3070177,,P3070177,3070177,SPARKPLUG(4) RA8GHC CHAMPION,8.99,PLG,,,AllTerrain
1,POLARIS,3023983,,,,"SPARKPLUG-10MM,IRIDIUM(4)",17.99,PLG,10/23/2025,,AllTerrain
25,KAWASAKI,CR9EK,,CR9EK,,SPARK PLUG CR9EK,14.99,PLG,09/11/2026,,AllTerrain
12,DUCATI CAGIVA,67040511A,,,,SPARK PLUG,45.17,PLG,07/07/2026,,AllTerrain
4,Triumph Motorcycles ,JY351206,,,,PLUG SPARK,16.99,PLG,02/13/2025,,AllTerrain
2,CF MOTO,C90039093000,,,,SPARK PLUG M10X2,49.99,PLG,07/31/2025,,AllTerrain
2,YAMAHA (866-488-,CR1-0EK00-00-00,,CR10EK000000,,CR10EK  NGK SPLUG  1,16.99,PLG,03/16/2021,,AllTerrain
4,YAMAHA (866-488-,LMA-R9EJ0-00-00,,LMAR9EJ00000,,LMAR9EJ  NGK SPLUG  10PK,21.99,PLG,02/12/2026,,AllTerrain
16,YAMAHA (866-488-,LMA-R8A9S-00-00,,LMAR8A9S0000,,LMAR8A-9S NGK SPLUG 10PK,17.99,PLG,10/22/2025,,AllTerrain
28,YAMAHA (866-488-,LMA-R6A90-00-00,,LMAR6A900000,,LMAR6A9  NGK SPLUG,16.99,PLG,06/11/2026,,AllTerrain
1,AUTOMATIC ,BMR4A,5728,BMR4A,,BMR4A,5.99,PLG,,NGK,AllTerrain
2,BETA USA,12.25123.000,,,,"SPARK PLUG, NGK BR8 ECM",23.99,PLG,,,AllTerrain
3,BETA USA,12.25220.000,,,,SPARK PLUG BR7ES,15.99,PLG,,,AllTerrain
21,BRP ,415130154,,,ILKR8Q7,SPARK PLUG ILKR8Q7,24.99,PLG,03/26/2024,,AllTerrain
16,POLARIS,4013045,,P4013045,4013045,(YTX20CHBS) BATTERY-SEALED NON-SPILL ,159.99,BAT,09/01/2026,,AllTerrain
20,KTM OEM,A40039093010,,,,SPARK PLUG,6.99,PLG,05/01/2026,,Rifle
4,KTM OEM,60439094000,,,,SPARK PLUG,35.19,PLG,01/07/2026,,Rifle
32,KAWASAKI,SILMAR9F9,,SILMAR9F9,,PLUG-SPARK SILMAR9F9,21.99,PLG,09/26/2025,,AllTerrain
5,KTM OEM,A40039093012,,,,SPARK PLUG AR12C,6.99,PLG,05/01/2026,,Rifle
4,KTM OEM,75039093000,,,,"SPARK PLUG M12X1,25 LKAR8AI-9",27.99,PLG,01/07/2026,,Rifle
12,KTM OEM,A40039993010,,,,FACTORY SPARK PLUG,33.99,PLG,05/01/2026,,Rifle
1,WESTERN POWER ,49-2288,CTZ14S,191361094309,CTZ14S,BATTERY CTZ14S SEALED FACTORY,146.99,BAT,04/23/2026,FIRE POWER,AllTerrain
13,KTM OEM,54739093000,,,BR7ES,SPARK PLUG BR7ES,7.99,PLG,05/01/2026,,Rifle
10,KAWASAKI,DPR6EA9,,DPR6EA9,98069-56916,TR380003,4.99,PLG,05/13/2026,,AllTerrain
18,KTM OEM,51539093000,,,BR9ECMVX,BR9ECMVX/SPARK PLUG,23.99,PLG,05/01/2026,,Rifle
2,PARTS UNLIMITED,03130731,45236423,333701A100,0313-0731,TIRE MX53 90/100-16,93.95,DTR,05/23/2026,DUNLOP,AllTerrain
2,WESTERN POWER ,49-2299,U1-32,191361094415,U1-32,BATTERY U1-32 SEALED FACTORY A,180.73,BAT,04/10/2026,FIRE POWER,AllTerrain
3,WESTERN POWER ,570-0107,ALUG-SB-20BX,191361423871,,16/PK SPIKE LUG NUT 12MMX1.50,74.95,WHL,06/27/2023,SEDONA,AllTerrain
4,WESTERN POWER ,570-5208,RAB3210R15,191361368721,RAB3210R15,TIRE ROCK-A-BILLY 32X10R15,321.95,ATR,01/31/2023,SEDONA,AllTerrain
1,WESTERN POWER ,87-4410,SR244 5.10-18,191361320309,,SHINKO 5.10-18 SR244,137.95,TIR,02/18/2026,SHINKO,AllTerrain
2,WESTERN POWER ,87-4411,SR244 2.75-19,191361315893,,SHINKO 2.75-19 SR244,69.95,TIR,03/12/2026,SHINKO,AllTerrain
1,WESTERN POWER ,87-4526,87-4526,191361318283,,SHINKO 120/80-18 E705 62H TT,143.95,TIR,04/23/2025,SHINKO,AllTerrain
1,WESTERN POWER ,87-4730,87-4730,191361317538,87-4730,TIRE 216 SERIES FRONT 80/100-2,110.95,DTR,05/06/2026,SHINKO,AllTerrain
1,WESTERN POWER ,87-4705,E805 150/70B18 70Q ,191361317842,E805 150/70B18 70Q T,TIRE 805 DUAL SPORT REAR 150/7,255.95,TIR,09/10/2026,SHINKO,AllTerrain
1,WESTERN POWER ,870-1006,MX11010018,191361368837,MX11010018,TIRE MX887IT REAR 110/100-18 6,130.95,DTR,05/06/2026,SEDONA,AllTerrain
1,WESTERN POWER ,870-1010,MX1208019,191361368875,,SEDONA 120/80-19 MX887IT REAR,132.95,DTR,05/06/2026,SEDONA,AllTerrain
1,WESTERN POWER ,870-1060,MX11010018HP,191361368998,,SEDONA 110/100-18 MX907HP REAR,125.48,DTR,11/12/2025,SEDONA,AllTerrain
1,WESTERN POWER ,870-1009,MX1109019,191361368868,MX1109019,TIRE MX887IT REAR 110/90-19 62,128.95,DTR,05/28/2026,SEDONA,AllTerrain
5,KAWASAKI,CR7HSA,,CR7HSA,,SPARK PLUG CR7HSA,4.99,PLG,05/29/2026,,AllTerrain
1,WESTERN POWER ,49-2262,CT4B-5,191361094088,CT4B-5,BATTERY CT4B-5 SEALED FACTORY,49.99,BAT,06/05/2026,FIRE POWER,AllTerrain
2,WESTERN POWER ,87-91012,04268,86699042682,4268,TIRE ANAKEE WILD REAR 150/70R18,357.95,TIR,05/28/2026,MICHELIN,AllTerrain
1,KAWASAKI,41009-0889,,410090889,,"TIRE,RR,120/70-17 58P",204.33,TIR,,,AllTerrain
1,PARTS UNLIMITED,21130047,MOOM72X7A,048493829722,MOOM72X7A,BATTERY MOOSE YTX7A,98.99,BAT,08/14/2026,MOOSE OFFROAD,AllTerrain
1,PARTS UNLIMITED,03130658,T10630,,0313-0658,TIRE GEKKOTA 110/100-18,156.95,DTR,08/28/2026,IRC,AllTerrain
1,PARTS UNLIMITED,03120474,1461376,,1461376,TIRE BITE MX 60/100-14,35.95,DTR,08/15/2026,AMS,AllTerrain
2,BRP ,715901051,,,,SPARK PLUG,9.99,PLG,08/04/2026,,AllTerrain
17,KAWASAKI,CPR7EA9,,CPR7EA9,,SPARK PLUG CPR7EA9,8.99,PLG,08/04/2026,,AllTerrain
12,POLARIS,3024357,,,,"SPARK PLUG-NGK,BPR8ES(4)",5.99,PLG,08/25/2026,,Rifle
2,HONDA,31500-HR0-F02,,,,BATTERY (GYZ16H),152.99,BAT,09/08/2026,,AllTerrain
1,WESTERN POWER ,87-4698,87-4698,191361320200,87-4698,TIRE 804 DUAL SPORT FRONT 110/,187.95,TIR,,SHINKO,AllTerrain
4,WESTERN POWER ,570-2036,A22B-57037+10S,682108276077,A22B-57037+10S,RIFT WHEEL 15X7 4/137 5+2 (+10,223.95,WHL,12/26/2024,SEDONA,AllTerrain
1,WESTERN POWER ,57-9204,1422319014B,070964117663,1422319014B,DELTA STEEL 14X7 4/137 4+3 BLK 12mm,108.97,WHL,08/20/2026,ITP,AllTerrain
1,WESTERN POWER ,873-0335,45162233,191361227523,45162233,TIRE D606 REAR 120/90-18 65R B,197.95,TIR,04/15/2026,DUNLOP,AllTerrain
4,WESTERN POWER ,3-156838,15S3-6838,748252682390,15S3-6838,SB-6 15X7 4/137 6+1 MACH,315.48,WHL,08/12/2022,SYSTEM 3,AllTerrain
1,WESTERN POWER ,570-0105,ALUG-SB-19BX,191361423888,ALUG-SB-19BX,SPIKE LUG NUT 12MMX1.25 60' BLACK TAPERED ,74.95,WHL,04/12/2022,SEDONA,AllTerrain
2,WESTERN POWER ,490-2429,HJTZ7SL-FPP-B,191361313479,HJTZ7SL-FPP-B,FEATHERWEIGHT LITHIUM BATTERY 220 CCA ,256.95,BAT,08/27/2026,FIRE POWER,AllTerrain
1,WESTERN POWER ,57-9230,1225564032,033259403872,1225564032,DELTA STEEL WHEEL SILVER 12X7 5+2 4/115 ,65.95,WHL,,ITP,AllTerrain
4,WHEEL PROS,KS23556012738,KS23556012738,194933000000,,KS235 15X6 5X4.5 S-BLK 38MM,317.00,WHL,09/11/2026,,AllTerrain
5,WESTERN POWER ,570-4004,MR251012,191361314049,MR251012,TIRE MUD REBEL 25X10-12 BIAS 6PR LR-420LBS,153.95,ATR,12/11/2025,SEDONA,AllTerrain
1,PARTS UNLIMITED,03130661,45174987,326048A100,0313-0661,TIRE D952 110/90-18,100.95,DTR,05/06/2026,DUNLOP,AllTerrain
5,WESTERN POWER ,570-4000,MR25812,191361314001,,TIRE MUD REBEL 25X8-12 FRONT 6,128.95,ATR,08/05/2026,SEDONA,AllTerrain
8,VALOR OFFROAD,V15-1570P4505BM,,,,V15 Satin Black UTV Wheel 5X4.5 (5X114.3),329.00,WHL,05/12/2026,,AllTerrain
8,VALOR OFFROAD,V09-1570P4005SB,,,,V09 BEADOCK FLOW FORM 15X7 +40 5X114.3 ,375.00,WHL,08/21/2026,,AllTerrain
6,Husqavarna - East of ,79739093000,,,,SPARK PLUG,42.56,PLG,07/18/2026,,AllTerrain
1,PARTS UNLIMITED,03120431,1921376,,0312-0431,TIRE BITE MX 70/100-19,63.95,DTR,08/21/2026,AMS,AllTerrain
1,PARTS UNLIMITED,03130970,45259507,351394A100,45259507,TIRE MX14 110/100-18,157.95,DTR,06/16/2026,DUNLOP,AllTerrain
6,WESTERN POWER ,578-10324,AE153310PX,191361374647,AE153310PX,TIRE PARALLAX 33X10R15,364.95,ATR,08/28/2026,GBC,AllTerrain
3,POLARIS,3022438,,P3022438,3022438,SPARKPLUG-12MM REA6MC,9.99,PLG,06/28/2025,,AllTerrain
2,PARTS UNLIMITED,21130992,3006351,3564093006686,2113-0992,Battery - BTZ7S (YTZ),113.99,BAT,09/09/2026,BS BATTERY,AllTerrain
4,WESTERN POWER ,570-1306,A87B-47056-61S,682108235487,A87B-47056-61S,SPARX WHEEL 14X7 4/156 6+1 (+30MM) BLACK,202.95,WHL,12/26/2024,SEDONA,AllTerrain
1,WESTERN POWER ,87-4230,87-4230,191361318023,87-4230,TIRE 429 SERIES FRONT/REAR 120/70-13 53L ,74.95,TIR,11/04/2022,SHINKO,AllTerrain
20,KAWASAKI,CR8E,,CR8E,,SPARK PLUG CR8E,9.99,PLG,09/03/2026,,AllTerrain
1,PARTS UNLIMITED,03120350,45174052,326045A100,0312-0350,TIRE D952 80/100-21,79.95,DTR,08/28/2026,DUNLOP,AllTerrain
26,KTM OEM,77239093000,,,LMAR9AI8, LMAR9AI - 8/SPARK PLUG,30.99,PLG,05/01/2026,,Rifle
4,KTM OEM,60439093000,,,,SPARK PLUG M12X1.25,32.77,PLG,01/07/2026,,Rifle
33,POLARIS,3021671,,P3021671,RC7YC3,SPARKPLUG-CHAMPION RC7YC3 (4),5.99,PLG,08/20/2026,,AllTerrain
9,WESTERN POWER ,570-2046,A21MA-57012+50,191361424021,A21MA-57012+50,SANO BDLK WHEEL 15X7 5/4.5 6+1 (+50MM) ,358.95,WHL,12/24/2025,SEDONA,AllTerrain
1,WESTERN POWER ,575-3212,U500B8042400,191361261701,U500B8042400,RAPTOR BEADLOCK SATIN BLK 15X8 4+4 4X137,329.95,WHL,,WELD WHEELS,AllTerrain
10,YAMAHA (866-488-,LMA-R8G00-00-00,,LMAR8G000000,,LMAR8G NGK SPLUG,15.99,PLG,04/11/2025,,AllTerrain
1,WESTERN POWER ,873-0785,45273505,849774035517,45273505,TIRE GEOMAX MX34 FRONT 80/100-21 51M BIAS ,131.95,DTR,08/20/2026,DUNLOP,AllTerrain
4,BRP ,705403683,,,,TIRE_XPS HAMMER KING UT35X10R16,359.99,TIR,06/09/2026,,AllTerrain
2,PARTS UNLIMITED,M9160010,10V0,,10V0,MOOSE TIRE CHAINS 10-VBAR,70.95,ATR,11/04/2025,MOOSE OFFROAD,Rifle
4,HONDA,98056-57918,,,,S/PLG (CR7HSA-9),9.99,PLG,,,AllTerrain
4,HONDA,98069-5695Q,,,,S/PLG (XU20EPR-U),4.99,PLG,10/09/2025,,AllTerrain
4,WESTERN POWER ,570-2071,A14GR-57012+53,8019606277381,A14GR-57012+53,ALPHA BDLK 15X7 5/4.5 (+53MM) GUNMETAL/RED,339.00,WHL,11/01/2023,RACELINE,AllTerrain
4,WESTERN POWER ,570-2070,A14BG-57012+53,8019606277381,A14BG-57012+53,ALPHA BDLK 15X7 5/4.5 (+53MM) BLK/GUNMETAL,339.00,WHL,09/03/2026,RACELINE,AllTerrain
1,WESTERN POWER ,57-9203,1425573014B,191361084843,1425573014B,DELTA STEEL 14X7 4/137 4+3 BLK 10MM,108.97,WHL,,ITP,AllTerrain
2,PARTS UNLIMITED,03201381,12083611,,12083611,TIRE M2 EVIL 27X9R12,195.95,ATR,09/05/2026,AMS,AllTerrain
3,KAWASAKI,CR8EH9,,CR8EH9,,SPARK PLUG CR8EH-9,14.99,PLG,10/15/2025,,AllTerrain
3,PARTS UNLIMITED,21130644,300631,3661451001311,300631,BATTERY BS BIX30L (F,185.95,BAT,08/28/2026,BS BATTERY,Rifle
2,WESTERN POWER ,57-5645,560430,033259261236,,TIRE MUD LITE AT 24X8-12,137.46,ATR,09/03/2026,ITP,AllTerrain
1,WESTERN POWER ,570-0011,CPS-A72-156B,723980417728,CPS-A72-156B,SPLIT 6 WHEEL REPLACMENT CAP BLACK 4/137-,18.95,WHL,10/10/2023,SEDONA,AllTerrain
2,LEGACY ,SW13710W12,,,,"WHEEL SPACER 4X137 1"" 12X1.5",119.99,WHL,,,AllTerrain
4,LEGACY ,SW137102W12,,,,"WH/ SPACER 4X137 1"" 12x1.25",61.95,WHL,,,AllTerrain
1,WESTERN POWER ,490-2210,CB14A-A2,191361093470,,BATTERY W/ACID CB14A-A2,74.99,BAT,05/06/2026,FIRE POWER,AllTerrain
4,VALOR OFFROAD,VTT-320950R15H1,,,,TANGO 32X9.5R15 8 PLY H1 STEEL BELTED ,289.00,ATR,09/11/2026,,AllTerrain
7,KAWASAKI,CPR8EB-9,,CPR8EB9,CPR8EB9,SPARK PLUG CPR8EB-9,9.99,PLG,05/22/2026,,AllTerrain
2,BRP ,705502603,,,,TIRE_28X11R14 REAR,251.00,ATR,02/04/2025,,Rifle
1,WESTERN POWER ,873-0793,45273514,711484195259,45273514,TIRE GEOMAX MX34 REAR 100/90-19 57M BIAS TT,140.95,DTR,08/20/2026,DUNLOP,AllTerrain
5,WESTERN POWER ,49-2243,CTX4L-BS(FA),191361093906,CTX4L-BS(FA),SEALED FACTORY ACTIVATED BATTE CTX4L-BS,41.99,BAT,08/27/2026,FIRE POWER,AllTerrain
2,WESTERN POWER ,873-0354,45235870,191361227523,45235870,TIRE TRAILMAX MISSION FRONT 120/70B19 60T ,290.95,TIR,08/11/2023,DUNLOP,AllTerrain
1,PARTS UNLIMITED,03130660,45174669,326046A100,0313-0660,TIRE D952 100/90-19,102.95,DTR,09/05/2026,DUNLOP,AllTerrain
2,WESTERN POWER ,532-0155,AC-06656BK,191361279324,AC-06656BK,"WHEEL SPACER 1.5"" 4/137 STUD: 10MM X 1.25MM",112.95,WHL,06/02/2026,OPEN TRAIL,AllTerrain
8,KAWASAKI,LMAR9G,,LMAR9G,,SPARK PLUG LMAR9G,13.99,PLG,07/16/2026,,AllTerrain
3,WESTERN POWER ,490-2400,HJTZ5SL-FP-B,191361313356,HJTZ5SL-FP-B,FEATHERWEIGHT LITHIUM BATTERY 120 CCA ,136.99,BAT,08/27/2026,FIRE POWER,AllTerrain
2,WESTERN POWER ,532-0101,AC-06653BK,191361279171,AC-06653BK,"WHEEL SPACER 1"" 4/156 STUD: 3/8"" X 24",100.95,WHL,04/10/2026,OPEN TRAIL,AllTerrain
2,WESTERN POWER ,532-0121,AC-06661-8BK,191361279386,AC-06661-8BK,"WHEEL SPACER 2"" 4/156 STUD: 12MM X 1.5MM",124.95,WHL,03/06/2026,OPEN TRAIL,AllTerrain
2,WESTERN POWER ,532-0128,AC-06661-2BK,191361279454,AC-06661-2BK,"WHEEL SPACER 2"" 4/156 STUD: 12MM X 1.25MM",142.95,WHL,04/15/2026,OPEN TRAIL,AllTerrain
2,WESTERN POWER ,532-0129,AC-06660-5BK,191361279461,AC-06660-5BK,"WHEEL SPACER 2"" 4/137 STUD: 12MM X 1.5MM",124.95,WHL,03/06/2026,OPEN TRAIL,AllTerrain
1,WESTERN POWER ,14-1108,01-109-24,191361189654,01-109-24,COLORED PLUG CAPS BLACK,16.99,PLG,05/21/2026,SP1,AllTerrain
1,WESTERN POWER ,14-1109,01-109-22,191361189661,01-109-22,COLORED PLUG CAPS RED,12.99,PLG,11/03/2023,SP1,AllTerrain
1,WESTERN POWER ,14-1112,01-109-23,191361189678,01-109-23,COLORED PLUG CAPS BLUE,12.99,PLG,11/07/2023,SP1,AllTerrain
1,WESTERN POWER ,14-1113,01-109-21,191361189685,01-109-21,COLORED PLUG CAPS GREEN,12.99,PLG,11/01/2023,SP1,AllTerrain
4,WESTERN POWER ,3-0966,S3-0966,748252682390,S3-0966,TIRE XC450 33X10R-15,363.81,ATR,07/23/2026,SYSTEM 3,AllTerrain
1,WESTERN POWER ,490-2425,HJTX20HQ-FP-B,191361313448,HJTX20HQ-FP-B,FEATHERWEIGHT LITHIUM HJTX20HQ-FP-B 385 ,319.95,BAT,08/06/2026,FIRE POWER,AllTerrain
1,WESTERN POWER ,490-2402,LFP03-B,191361313370,LFP03-B,FEATHERWEIGHT LITHIUM BATTERY 120 CCA ,156.95,BAT,06/11/2026,FIRE POWER,AllTerrain
3,WESTERN POWER ,570-5334,570-5334,191361484414,570-5334,TIRE TRAIL SAW 2.0 35X10R-15 RADIAL 8PR LR-,402.95,ATR,07/15/2026,SEDONA,AllTerrain
1,TURN 14 ,QBS608493,608493,887337304267,608493,QUADBOSS STEELY WHEEL 14X7 - 4+3 - 4/156,99.99,WHL,08/28/2026,QUADBOSS,AllTerrain
4,WESTERN POWER ,3-0165,S3-0165,748252682390,S3-0165,TIRE RT320 32X10R-15,329.26,ATR,09/05/2025,SYSTEM 3,AllTerrain
4,WESTERN POWER ,3-0168,S3-0168,748252682390,S3-0168,TIRE RT320 35X9.50R-15,368.55,ATR,05/14/2026,SYSTEM 3,AllTerrain
3,WESTERN POWER ,49-2250,CTX14AH-BS(FA),191361093975,CTX14AH-BS(FA),BATTERY CTX14AH SEALED FACTORY ,102.99,BAT,09/01/2026,FIRE POWER,Rifle
3,PARTS UNLIMITED,21130075,,,2113-0075,BATTERY YTX20CHBS .80 LTR,125.99,BAT,08/21/2026,PARTS UNLIMITED,AllTerrain
1,PARTS UNLIMITED,21130618,300635,3661451001359,300635,BATTERY BS BTZ7S (FA,94.99,BAT,04/01/2026,BS Battery,AllTerrain
2,WESTERN POWER ,57-94125,BLUG10,033259992109,BLUG10,EA/10MM FLAT BASE LUG NUT,2.95,WHL,,ITP,Rifle
6,WESTERN POWER ,61-4720,BUNGIES,191361368776,BUNGIES,TIRE CHAIN BUNGIES (PAIR),23.95,ATR,12/31/2025,SEDONA,Rifle
2,PARTS UNLIMITED,03190140,TM00124100,4717784510491,0319-0140,TIRE BIGHORN 2.0 26X11-12,234.00,ATR,06/11/2026,MAXXIS,AllTerrain
6,PARTS UNLIMITED,02230219,SPMO3808BL4,,SPMO3808BL4,LUGNT 10MM SPLND BLK,26.95,WHL,11/21/2025,MOOSE OFFROAD,AllTerrain
1,AUTOMATIC ,286212,LKT01012502,,,LUG NUT SET CHROME WITH KEY & VALVE STEM ,34.95,WHL,12/02/2025,BULLITE,AllTerrain
1,PARTS UNLIMITED,03130906,02281,086699022813,02281,TIRE SC6MH 110/100-18 64M,136.95,DTR,06/03/2026,MICHELIN,AllTerrain
4,TURN 14 ,MRWMR40947047552,,191682014239,MR40947047552,METHOD MR409 BEAD GRIP 14X7  5+238MM ,189.00,WHL,,,AllTerrain
1,WESTERN POWER ,TIRESET#1,,,,MOTOHAMMER 33X10X18 TIRES + SYSTEM 3 SB-,"2,499.99",WHL,,,AllTerrain
1,WESTERN POWER ,22-51406,25-1406,723980405770,25-1406,FRONT/REAR WHEEL BEARING/SEAL KIT,38.45,WHL,08/07/2026,ALL BALLS,AllTerrain
6,WESTERN POWER ,49-2307,CTX30L (FA) FT,191361401145,CTX30L (FA) FT,BATTERY CTX30L (FA) FT SEALED FACTORY ,171.99,BAT,08/27/2026,FIRE POWER,AllTerrain
4,PARTS UNLIMITED,03201526,1540362,,1540362,TIRE ALL TERRAIN 32X10R15 85J,286.95,ATR,09/11/2026,AMS,AllTerrain
1,KTM OEM,U693440,,,,DUNLOP TIRE MX34 110/90-19,172.95,DTR,02/10/2026,,Rifle
2,KTM OEM,U693450,,,,DUNLOP TIRE MX34 120/80-19,173.95,DTR,02/10/2026,,Rifle
4,POLARIS,P15078RABL,,,P15078RABL,RATH 15X7 BEADLOCK WHEEL BL,219.95,WHL,11/19/2025,,AllTerrain
1,WESTERN POWER ,TIRESET#4,,,,INCURSION 35X10R15 + ALPHA B.LOCK 6/1.397,"2,399.99",WHL,,,AllTerrain
1,WESTERN POWER ,TIRESET#5,,,,SB6 (15X7 5/4.5) + DX 440 32X10X15,"2,299.99",WHL,,,AllTerrain
1,PARTS UNLIMITED,03130818,1405376,,0313-0818,TIRE BITE MX 90/100-14,62.95,DTR,11/26/2025,AMS,AllTerrain
3,WESTERN POWER ,532-0103,AC-06652-5BK,191361279195,AC-06652-5BK,"WHEEL SPACER 1"" 4/137 STUD: 12MM X 1.5MM",106.95,WHL,10/17/2024,OPEN TRAIL,AllTerrain
2,WESTERN POWER ,532-0105,AC-06652BK,191361279218,AC-06652BK,"WHEEL SPACER 1"" 4/137 STUD: 10MM X 1.25MM",98.95,WHL,04/22/2025,OPEN TRAIL,AllTerrain
2,WESTERN POWER ,57-9206,1422755014B,070964117663,1422320014B,DELTA STEEL 14X7 4/156 4+3 BLK 12MM,108.97,WHL,07/29/2026,ITP,AllTerrain
2,TURN 14 ,ATTSXXT-U2LD5ATA,SXXT-U2LD5ATA,5060330611906,,Atturo Tire 35X10R-15 Trl Blade X/T,279.00,ATR,03/18/2026,ATTURO TIRE,AllTerrain
4,WESTERN POWER ,3-0366,S3-0366,748252682390,S3-0366,TIRE XCR350 33X10R-15,403.57,ATR,07/23/2026,SYSTEM 3,AllTerrain
4,WESTERN POWER ,3-0368,S3-0368,748252682390,S3-0368,TIRE XCR350 35X10R-15,412.21,ATR,08/04/2026,SYSTEM 3,AllTerrain
4,VALOR OFFROAD,V09-1570P4005RM,,,,V09 BEADLOCK FLOW FORM 15X7 +40 5X114.3 ,375.00,WHL,08/21/2026,,AllTerrain
3,WESTERN POWER ,49-2306,CTX20HL (FA) FT,191361401138,CTX20HL (FA) FT,BATTERY CTX20HL (FA) FT SEALED FACTORY ,157.99,BAT,09/01/2026,FIRE POWER,Rifle
4,WHEEL PROS,KS239MX15701238,KS239MX15701238,0,,IMPACT UTV BL 15X7 5X4.5 72 +38 S-BLK,317.00,WHL,08/11/2026,,AllTerrain
4,WHEEL PROS,KS239DX15701210,KS239DX15701210,0,,IMPACT UTV BL 15X7 5X4.5 72 +10 MACH,317.00,WHL,08/11/2026,,AllTerrain
5,KAWASAKI,IFR8H11,,IFR8H11,IFR8H11,NGK IRIDIUM SPARK PLUG,25.99,PLG,07/24/2026,,AllTerrain
4,WHEEL PROS,KS242BE15701238,KS242BE15701238,0,,AZTEC UTV BL 15X7 5X4.5 72 +38 GBLK-MILL,405.00,WHL,08/11/2026,,AllTerrain
8,KAWASAKI,PMR9B,,PMR9B,,PMR9B,30.99,PLG,07/14/2026,,AllTerrain
2,PARTS UNLIMITED,21130626,300669,3564093006693,300669,BATTERY BTX4L/BTZ5S SLA,126.99,BAT,07/07/2026,BS BATTERY,Rifle
1,PARTS UNLIMITED,21130628,300673,3661453006734,300673,BATTERY BS BTX7L (FA),82.99,BAT,05/19/2026,BS BATTERY,Rifle
2,PARTS UNLIMITED,21130754,300756,3564093007560,300756,BATTERY BT4B-5 SLA,63.99,BAT,06/05/2026,BS BATTERY,Rifle
1,PARTS UNLIMITED,21130855,300626,3661451001267,300626,BATTERY BS BT7B-BS,82.99,BAT,06/11/2026,BS BATTERY,Rifle
1,PARTS UNLIMITED,21130631,300679,3661453006796,300679,BATTERY BS BT12A (FA),101.99,BAT,04/17/2025,BS BATTERY,Rifle
2,CUSTOM WHEEL ,MR40947047543,,,,"MR409 BEAD GRIP 14X7, 4+3/+13MM OFFSET, ",276.00,WHL,02/18/2026,,AllTerrain
4,DUCATI CAGIVA,67040491A,,,,SPARK PLUG,19.99,PLG,,,AllTerrain
1,PARTS UNLIMITED,21130868,300607,3661451001076,300607,BATTERY BS BTX14AHL-,114.99,BAT,09/09/2026,BS BATTERY,AllTerrain
6,KTM OEM,A46010016000,,,,SPACING TUBE REAR WHEEL,19.02,WHL,01/06/2026,,Rifle
1,CF MOTO,30705-2103,,,,TIRE,259.99,ATR,02/26/2025,,AllTerrain
224,AUTOMATIC ,BPR9ES,7788,087295077887,,NGK 7788 BPR9ES SPARK PLUG,5.99,PLG,01/03/2025,NGK,AllTerrain
1,BRP ,705402314,,,,ACT 26x9-12,169.99,ATR,08/12/2026,,AllTerrain
3,BRP ,705401333,,,,ACT 26X8-12,144.99,ATR,07/23/2026,,AllTerrain
3,PARTS UNLIMITED,21130628,300673,3661453006734,300673,BATTERY BS BTX7L (FA,82.99,BAT,08/28/2026,BS BATTERY,AllTerrain
4,WESTERN POWER ,57-94126,P110SS,033259378040,P110SS,SS ALLOY CENTER CAP 4/110-115,10.91,WHL,,ITP,AllTerrain
4,WESTERN POWER ,57-94145,C110SS,033259037923,C110SS,SS312 ALLOY CENTER CAP 4/110 & 4/115,12.14,WHL,,ITP,AllTerrain
3,PARTS UNLIMITED,21130621,3006361,3661451001366,3006361,BATTERY BS BTZ10S (FA),139.99,BAT,08/28/2026,BS BATTERY,AllTerrain
1,PARTS UNLIMITED,K7606,047602103C0,,K7606,TRAK MASTER 80/100-21,78.95,DTR,09/05/2026,KENDA,AllTerrain
6,KAWASAKI,DPR7EA9,,DPR7EA9,98069-57916,SPARK PLUG DPR7EA9,4.99,PLG,04/15/2026,,AllTerrain
1,INDIAN ,5417843,,P5417843,,"TIRE-FT,130/60B19 61H CRSTC",189.99,TIR,04/10/2026,,AllTerrain
1,SUPER ATV ,CLFH-35-10-15-S,,,,CLIFFHANGER UTV/ATV 35X10X15 STICKY,413.95,ATR,07/15/2026,,AllTerrain
4,WESTERN POWER ,3-0772,S3-0772,748252682390,S3-0772,TIRE XTR370 37X10R-15,460.02,ATR,02/28/2024,SYSTEM 3,AllTerrain
4,WESTERN POWER ,490-2428,HJTZ5SL-FPZ-B,191361313462,HJTZ5SL-FPZ-B,FEATHERWEIGHT LITHIUM BATTERY 165 CCA ,173.95,BAT,09/01/2026,FIRE POWER,Rifle
7,AUTOMATIC ,BPR9ES,7788,087295077887,,NGK 7788 BPR9ES SPARK PLUG,5.99,PLG,12/31/2025,NGK,Rifle
4,WESTERN POWER ,578-10325,AE153510PX,191361374715,AE153510PX,TIRE PARALLAX 35X10.00R15,437.95,ATR,02/12/2026,GBC,AllTerrain
4,WESTERN POWER ,577-0385,TM00187200,4717784520940,TM00187200,TIRE ROXXZILLA CMP CMPD 32X10R15 8PR TL,389.00,ATR,08/19/2025,MAXXIS,Rifle
1,PARTS UNLIMITED,03170800,70001003,3831126106836,70001003,TIRE ENDURO TRAIL 120/90B17 64H RR (50/50 E-,175.99,TIR,02/17/2026,MITAS,AllTerrain
1,PARTS UNLIMITED,03160443,3745800,8019227374582,3745800,TIRE ST II 90/90-21 54V,244.82,TIR,12/16/2025,PIRELLI,AllTerrain
2,PARTS UNLIMITED,03130726,45236545,333705A100,45236545,TIRE MX53 120/90-18,155.95,DTR,12/18/2025,DUNLOP,Rifle
4,WHEEL PROS,MCR-32-10-15,MCR-32-10-15,0,,MOTOCRUSHER 32X10.00R15 71M 32,314.00,WHL,08/13/2026,,Rifle
31,KAWASAKI,CR8EK,,CR8EK,087295134788,TR380106,14.99,PLG,09/25/2025,,AllTerrain
4,WESTERN POWER ,3-159137,15S3-9137,612569137402,15S3-9137,SB9 WHEEL 15X9 5+4 (+10MM) 4/137 GLOSS ,320.74,WHL,12/26/2024,SYSTEM 3,AllTerrain
4,WHEEL PROS,MY-33-10-15,MY-33-10-15,0,,MOTORALLY 33X10R15 695R 33,280.00,WHL,08/13/2026,,Rifle
4,WHEEL PROS,KS242BE15701238,KS242BE15701238,0,,AZTEC UTV BL 15X7 5X4.5 72 +38 GBLK-MILL,405.00,WHL,08/13/2026,,Rifle
4,WHEEL PROS,KS242BE15704838,KS242BE15704838,0,,AZTEC UTV BL 15X7 4X137 96 +38 GBLK-MILL,405.00,WHL,08/13/2026,,Rifle
4,Triumph Motorcycles ,T2500592,,,,"BATTERY, 12V, 1",122.99,BAT,09/27/2025,,AllTerrain
19,KAWASAKI,BPR8ES,,BPR8ES,BPR8ES,NGK SPARK PLUG,4.99,PLG,03/13/2026,,AllTerrain
27,Triumph Motorcycles ,T1290023,,,,"SPARK PLG,CR9EK",16.99,PLG,04/11/2023,,AllTerrain
10,Triumph Motorcycles ,T1290180,,,,"SPARK PLUG, DPR7EA-9",6.99,PLG,04/15/2026,,AllTerrain
10,Triumph Motorcycles ,T1295151,,,,"SPARK PLUG, IRI",16.99,PLG,03/15/2022,,AllTerrain
1,PARTS UNLIMITED,38070441,TM413,5425006145664,TM413,CHARGER OPTIMATE1 DUO MSE,55.99,BAT,08/13/2026,MOOSE OFFROAD,Rifle
11,BRP ,415130651,,,,SPARK PLUG ILKR8Q7S,29.99,PLG,07/31/2026,,AllTerrain
1,PARTS UNLIMITED,03130725,45236685,333708A100,45236685,TIRE MX53 120/80-19,171.95,DTR,12/17/2025,DUNLOP,Rifle
4,KAWASAKI,BR9ECS-5,,,512059552,BR9ECS-5 SPARK PLUG 512059552,9.49,PLG,,,AllTerrain
1,PARTS UNLIMITED,03190281,TM00121800,4717784522388,0319-0281,TIRE BIGHORN 2.0 27X11-12,236.00,ATR,06/26/2026,MAXXIS,AllTerrain
78,POLARIS,3023173,,P3023173,MR9F,"PLUG,SPARK - MR9F",12.99,PLG,09/09/2026,,AllTerrain
1,PARTS UNLIMITED,21130052,MOOM720BH,048493821238,2113-0052,BATTERY MOOSE YTX20HL,146.95,BAT,12/19/2025,MOOSE OFFROAD,AllTerrain
3,WESTERN POWER ,2-BKR6E,6962,087295169629,6962,SPARK PLUG #6962/04,5.99,PLG,04/15/2026,NGK,Rifle
1,WESTERN POWER ,87-4719,87-4719,191361320019,87-4719,TIRE 805 DUAL SPORT REAR 150/70B18 70Q ,249.95,TIR,10/21/2025,SHINKO,AllTerrain
3,WESTERN POWER ,2-BKR6ES,6364,087295163641,6364,SPARK PLUG #6364/04,4.99,PLG,,NGK,Rifle
4,WESTERN POWER ,2-BPR6ES,7131,087295171318,7131,SPARK PLUG #7131/04,5.99,PLG,,NGK,Rifle
4,WESTERN POWER ,2-BKR7E,4644,087295146446,4644,SPARK PLUG #4644/04,5.99,PLG,08/28/2026,NGK,Rifle
2,WESTERN POWER ,57-94131B,RLUG-CS20B,682108197174,RLUG-CS20B,12MMX1.50 LOCK STYLE LUG NUTS BLACK ,52.95,WHL,08/12/2025,AWC,Rifle
4,WESTERN POWER ,570-1172,A7647037-T-52S,682108226195,A7647037-T-52S,STORM WHEEL 14X7 4/137 5+2 (+10MM) ,181.95,WHL,,SEDONA,Rifle
1,Husqavarna - East of ,U6934M00,,,,DUNLOP TIRE MX34 60/100-12,61.95,TIR,11/07/2024,,AllTerrain
4,WHEEL PROS,KS24057044438,KS24057044438,194933000000,,KS240 RECON BEADLOCK 4/156 +38,317.00,WHL,09/05/2026,,AllTerrain
1,WESTERN POWER ,87-93103,26276,86699262769,26276,TIRE ROAD 6 FRONT 120/70 ZR 17 (58W) TL,316.95,TIR,09/10/2026,MICHELIN,AllTerrain
2,KAWASAKI,BR10EIX,,BR10EIX,BR10EIX,NGK IRIDIUM SPARK PLUG,15.99,PLG,10/20/2021,,AllTerrain
1,WESTERN POWER ,57-94131,RLUG-CS20C,0039489005992,RLUG-CS20C,12MMX1.50 LOCK STYLE LUG NUTS W/KEY 16/PK,42.95,WHL,03/03/2026,AWC,Rifle
2,WESTERN POWER ,532-0105,AC-06652BK,191361279218,AC-06652BK,"WHEEL SPACER 1"" 4/137 STUD: 10MM X 1.25MM",98.95,WHL,05/07/2025,OPEN TRAIL,Rifle
3,WESTERN POWER ,2-BR8EG,3130,087295131305,3130,SPARK PLUG #3130/04,11.99,PLG,08/25/2026,NGK,Rifle
4,WESTERN POWER ,2-BR8EIX,5044,087295150443,5044,SPARK PLUG #5044/04,18.99,PLG,06/16/2026,NGK,Rifle
1,PARTS UNLIMITED,21130623,300643,3661451001434,300643,BATTERY BT12B-4 SLA,101.99,BAT,03/17/2026,BS BATTERY,Rifle
5,PARTS UNLIMITED,CR7HSA,4549,087295145494,087295145494,TR380108,6.99,PLG,07/03/2026,NGK SPARK PLUGS,AllTerrain
12,WESTERN POWER ,570-2115,A14BG-56560+74,682108309461,A14BG56560+74,ALPHA BDLK 15X6.5 6/139.7 (+74MM),339.00,WHL,05/21/2024,RACELINE,AllTerrain
4,WESTERN POWER ,3-1475,S3-1475,191361487965,S3-1475,TIRE RC500S 37X10R15,467.12,ATR,06/10/2026,SYSTEM 3,AllTerrain
2,WESTERN POWER ,532-0157,AC-06657-1BK,191361279348,AC-06657-1BK,"WHEEL SPACER 1.5"" 4/156 STUD: 10MM X 1.25MM",121.95,WHL,05/22/2024,OPEN TRAIL,Rifle
1,KAWASAKI,41009-0002,,410090002,41009-0002,"TIRE,RR,130/80-17 65S",104.30,TIR,09/04/2026,,AllTerrain
4,WESTERN POWER ,3-158644,15S3-8644,612569137402,15S3-8644,SB8 WHEEL 15X7 5+2 (+38MM) 5/4.5 MATTE ,306.90,WHL,04/22/2026,SYSTEM 3,AllTerrain
2,WESTERN POWER ,532-0102,AC-06653-2BK,191361279188,AC-06653-2BK,"WHEEL SPACER 1"" 4/156 STUD: 12MM X 1.5MM",106.95,WHL,03/12/2026,OPEN TRAIL,AllTerrain
2,WESTERN POWER ,532-0106,AC-06652-1BK,191361279225,AC-06652-1BK,"WHEEL SPACER 1"" 4/137 STUD: 12MM X 1.25MM",109.95,WHL,07/02/2025,OPEN TRAIL,AllTerrain
2,WESTERN POWER ,532-0109,AC-06653-7BK,191361279256,AC-06653-7BK,"WHEEL SPACER 1"" 4/156 STUD: 12MM X 1.25MM",117.95,WHL,04/23/2026,OPEN TRAIL,AllTerrain
2,WESTERN POWER ,532-0124,AC-06660-1BK,191361279416,AC-06660-1BK,"WHEEL SPACER 2"" 4/137 STUD: 12MM X 1.25MM",129.95,WHL,04/18/2024,OPEN TRAIL,AllTerrain
2,WESTERN POWER ,532-0151,AC-06657-2BK,191361279287,AC-06657-2BK,"WHEEL SPACER 1.5"" 4/156 STUD: 12MM X 1.5MM",115.95,WHL,01/06/2026,OPEN TRAIL,AllTerrain
2,WESTERN POWER ,532-0156,AC-06656-1BK,191361279331,AC-06656-1BK,"WHEEL SPACER 1.5"" 4/137 STUD: 12MM X 1.25MM",119.95,WHL,09/07/2023,OPEN TRAIL,AllTerrain
2,WESTERN POWER ,532-0159,AC-06657-6BK,191361279362,AC-06657-6BK,"WHEEL SPACER 1.5"" 4/156 STUD: 12MM X 1.25MM",121.95,WHL,03/12/2026,OPEN TRAIL,AllTerrain
4,WESTERN POWER ,3-1468,S3-1468,191361487965,S3-1468,TIRE RC500S 35X10R15,431.10,ATR,05/20/2026,SYSTEM 3,AllTerrain
4,WESTERN POWER ,3-1368,S3-1368,191361487965,S3-1368,TIRE RC500 35X10R15,418.79,ATR,08/20/2026,SYSTEM 3,AllTerrain
17,KAWASAKI,BR8ES,,BR8ES,,SPARK PLUG BR8ES,4.99,PLG,07/02/2026,,AllTerrain
7,KAWASAKI,CR8EB,,CR8EB,,SPARK PLUG CR8EB,9.99,PLG,06/11/2025,,AllTerrain
14,KAWASAKI,92070-0048,,920700048,7026,"PLUG-SPARK,7026(TORCH",11.99,PLG,05/13/2026,,AllTerrain
8,KAWASAKI,BKR6E,,BKR6E,087295169629,TR380122,4.99,PLG,09/10/2025,,AllTerrain
3,KAWASAKI,BP7HS,,BP7HS,087295151112,TR380014,4.99,PLG,05/26/2021,,AllTerrain
4,KAWASAKI,BPR6HS,,BPR6HS,,SPARK PLUG BPR6HS,3.99,PLG,04/29/2026,,AllTerrain
7,KAWASAKI,DPR7Z,,DPR7Z,98061-57616,SPARK PLUG DPR7Z,4.99,PLG,,,AllTerrain
31,KAWASAKI,DPR8EA9,,DPR8EA9,98069-58916,SPARK PLUG DPR8EA-9,4.99,PLG,09/03/2026,,AllTerrain
6,KAWASAKI,BPR7ES,,BPR7ES,087295120231,TR38087,4.99,PLG,11/10/2022,,AllTerrain
29,KAWASAKI,DR7EA,,DR7EA,,SPARK PLUG DR7EA,4.99,PLG,09/08/2026,,AllTerrain
1,KAWASAKI,J9A,,J9A,,SPARK PLUG J9A,4.99,PLG,,,AllTerrain
9,KAWASAKI,R4118S-9,,R4118S9,,SPARK PLUG R4118S-9,22.99,PLG,,,AllTerrain
14,KAWASAKI,DR8EA,,DR8EA,,SPARK PLUG DR8EA,4.99,PLG,08/12/2026,,AllTerrain
3,WESTERN POWER ,870-8016,TM79107000,4717784501437,TM79107000,TIRE MAXXCROSS IT M7305 REAR 120/90-19 66M ,102.00,TIR,,MAXXIS,AllTerrain
1,WESTERN POWER ,49-2253,CT16CL-B-BS(FA),191361094002,CT16CL-B-BS(FA),BATTERY CTX16CL-B SEALED FACTO,133.99,BAT,08/27/2026,FIRE POWER,AllTerrain
1,PARTS UNLIMITED,03130973,45259506,351397A100,45259506,TIRE MX14 120/80-19,166.95,DTR,07/18/2026,DUNLOP,AllTerrain
1,PARTS UNLIMITED,03131068,45261504,353298A100,45261504,TIRE AT82 110/100-18 64M,153.95,DTR,07/18/2026,DUNLOP,AllTerrain
1,KAWASAKI,26012-Y006,,26012Y006,,"BATTERY,38B19L-MF",296.59,BAT,01/04/2022,,AllTerrain
1,WESTERN POWER ,873-0165,45605324,191361263408,45605324,TIRE D404 FRONT 140/80-17 69H WWW BIAS TT,292.95,TIR,,DUNLOP,AllTerrain
2,WESTERN POWER ,490-2432,LFP03L-B,191361313509,LFP03L-B,FEATHERWEIGHT LITHIUM BATTERY 120 CCA ,187.95,BAT,08/27/2026,FIRE POWER,AllTerrain
6,WESTERN POWER ,49-2306,CTX20HL (FA) FT,191361401138,CTX20HL (FA) FT,BATTERY CTX20HL (FA) FT SEALED FACTORY ,157.99,BAT,08/27/2026,FIRE POWER,AllTerrain
2,KAWASAKI,CR9EI-B9,,CR9EIB9,,SPARK PLUG CR9EIB-9,16.99,PLG,06/11/2025,,AllTerrain
1,WESTERN POWER ,490-2818,HJTX20CH-FP-B-C,191361492471,HJTX20CH-FP-B-C,COLDWEATHER LITHIUM BATTERY 390 CCA ,339.95,BAT,08/27/2025,FIRE POWER,AllTerrain
3,WESTERN POWER ,490-2825,HJTX20HQ-FP-B-C,191361440601,HJTX20HQ-FP-B-C,LITHIUM BATTERY COLD CELL 450 CCA ,378.95,BAT,12/11/2025,FIRE POWER,AllTerrain
1,PARTS UNLIMITED,03130911,28750,086699287502,28750,TIRE SC6MS 110/100-18 64M,136.95,DTR,03/17/2026,MICHELIN,Rifle
4,WESTERN POWER ,2-BR7EIX,6664,087295166642,6664,SPARK PLUG #6664/04,18.99,PLG,08/19/2026,NGK,Rifle
7,BRP ,410301203,,,,"BATTERY ASS Y, 18 AMPERES YTX20LBS",154.99,BAT,07/07/2026,,AllTerrain
4,VALOR OFFROAD,V13-1570P1037SB,,,,V13 BEADLOCK 15X7 +10MM 4X137 SATIN BLACK,280.00,WHL,08/19/2026,,AllTerrain
4,WHEEL PROS,MVR-33-95-15,MVR-33-95-15,806454000000,,MOTOVATOR R/T 33X9.5X15 8 PLY RAD 339515,335.00,ATR,01/27/2026,,AllTerrain
3,WESTERN POWER ,3-1266,S3-1266,850049057523,S3-1266,TIRE ATX470 33X10R15,311.02,ATR,12/26/2024,SYSTEM 3,AllTerrain
4,WESTERN POWER ,3-1268,S3-1268,850049057523,S3-1268,TIRE ATX470 35X10R15,354.57,ATR,12/26/2024,SYSTEM 3,AllTerrain
4,WESTERN POWER ,3-1335,S3-1335,191361489174,S3-1335,TIRE RC500 28X10R14,289.76,ATR,12/26/2024,SYSTEM 3,AllTerrain
1,WESTERN POWER ,873-0901,45261501,196261049794,45261501,TIRE GEOMAX AT82 FRONT 90/100-21 57M BIAS ,143.95,DTR,09/10/2026,DUNLOP,AllTerrain
2,WESTERN POWER ,532-0154,AC-06657BK,191361279317,AC-06657BK,"WHEEL SPACER 1.5"" 4/156 STUD: 3/8"" X 24",121.95,WHL,05/14/2025,OPEN TRAIL,AllTerrain
2,WESTERN POWER ,49-1939,YUAM720GHA,048493827254,YUAM720GHA,BATTERY GYZ20H-A SEALED FACTORY ,238.57,BAT,07/24/2026,YUASA,AllTerrain
2,WESTERN POWER ,532-0123,AC-06660BK,191361279409,AC-06660BK,"WHEEL SPACER 2"" 4/137 STUD: 10MM X 1.25MM",124.95,WHL,05/30/2025,OPEN TRAIL,AllTerrain
4,KAWASAKI,DR4HS,,DR4HS,98066-54716,SPARK PLUG DR4HS,4.99,PLG,,,AllTerrain
4,WESTERN POWER ,57-41107,1522530727B,785202030542,1522530727B,INERTIA BEADLOCK WHEEL 4/156 15X7 5+2 ,321.97,WHL,08/06/2025,ITP,AllTerrain
4,WESTERN POWER ,570-1563,A7757056-43,682108201260,A7757056-43,MAMBA WHEEL 15X7 4/156 4+3 (+5MM) ,189.00,WHL,04/24/2025,RACELINE,AllTerrain
4,WESTERN POWER ,570-2121,A14VB-57012+56,682108310894,A14VB-57012+56,ALPHA 15X7 5/114.3 (+56MM) LOAD RATING 1650 ,179.00,WHL,04/08/2026,RACELINE,AllTerrain
4,WESTERN POWER ,577-0207,TM00977100,4717784517803,TM00977100,TIRE BIGHORN 2 30X10R15 6PR,301.00,ATR,12/26/2024,MAXXIS,AllTerrain
4,WESTERN POWER ,59-60951,6P1791,5056136220398,6P1791,TIRE INTERSECT FRONT/REAR 35X10R15 8-PLY,417.14,ATR,03/05/2026,ITP,AllTerrain
4,WESTERN POWER ,59-61848,6P1952,8059347337791,6P1952,TIRE ITP MT911 34X10-15,400.29,ATR,12/26/2024,ITP,AllTerrain
2,PARTS UNLIMITED,03130508,3093,092971306533,0313-0508,TIRE X40 110/100-18 64M,169.95,DTR,08/21/2026,BRIDGESTONE,AllTerrain
1,PARTS UNLIMITED,02410002,,716224018805,2MTX18111BST,SPINERGY WHEEL MXXE FRT,770.00,WHL,09/17/2024,,Rifle
4,PARTS UNLIMITED,03200983,50627,086699506276,0320-0983,TIRE BFG KM3 30X10R15,299.99,ATR,05/23/2026,BF GOODRICH,AllTerrain
4,AUTOMATIC ,286023,BT031570461013,,,"RULER WHEEL GUN METAL/RED, 15X7.0, 4/137, ",269.95,WHL,03/18/2025,,Rifle
1,PARTS UNLIMITED,03170819,70001019,3831126107789,70001019,TIRE ENDURO TRAIL XT+ 110/80-18  58T RR ,150.99,TIR,09/05/2026,MITAS,AllTerrain
3,PARTS UNLIMITED,03320138,TM00306300,4717784522586,TM00306300,TIRE CARN 33X10R15 ML1,355.00,ATR,06/19/2024,MAXXIS,Rifle
1,PARTS UNLIMITED,03160614,70001031,3831126107956,70001031,TIRE ENDURO TRAIL XT+ 90/90-21 (3.00-21) 54T ,147.99,TIR,09/09/2026,MITAS,AllTerrain
2,PARTS UNLIMITED,21131021,300692,3564093006921,300692,BATTERY GROUP 26,199.99,BAT,09/01/2026,BS BATTERY,Rifle
2,WESTERN POWER ,49-2285,CTZ7S,191361094279,CTZ7S,BATTERY CTZ7S SEALED FACTORY ACTIVATED,78.99,BAT,09/01/2026,FIRE POWER,Rifle
1,WESTERN POWER ,49-2303,CTX14H (FA),191361400902,CTX14H (FA),BATTERY CTX14H SEALED FACTORY ACTIVATED,106.99,BAT,09/01/2026,FIRE POWER,Rifle
10,POLARIS,3023173,,,,SPARK PLUG - MR9F,12.99,PLG,08/27/2026,,Rifle
4,METAL FX WHEELS,98662,,,,SLAYER R2 BEADLOCK 15X8 5X114.3 BC 66.1 CB ,449.99,WHL,09/09/2026,,AllTerrain
3,KAWASAKI,26012-0107,,260120107,,BATTERY,121.99,BAT,08/27/2026,,AllTerrain
4,PARTS UNLIMITED,21130633,300681,3661453006819,300681,BATTERY BS BTX14 (FA,114.99,BAT,09/09/2026,BS BATTERY,AllTerrain
1,PARTS UNLIMITED,RCB7BB,,,RCB7B-B,BATTERY YB7B-B,65.99,BAT,04/04/2026,PARTS UNLIMITED,AllTerrain
26,KAWASAKI,BR9ES,,BR9ES,3194,SPARK PLUG BR9ES,4.99,PLG,03/06/2026,,AllTerrain
2,PARTS UNLIMITED,21130087,,,2113-0087,BATTERY YTZ7S,78.99,BAT,09/09/2026,PARTS UNLIMITED,AllTerrain
3,WESTERN POWER ,49-2248,CTX14-BS(FA),191361093951,CTX14BS,BATTERY CTX14 FA SEALED FACTOR,91.99,BAT,08/27/2026,FIRE POWER,AllTerrain
2,WESTERN POWER ,49-2245,CTX7L-BS (FA),191361093920,CTX7L-BS (FA),BATTERY CTX7L FA SEALED FACTOR,59.99,BAT,09/10/2026,FIRE POWER,AllTerrain
3,WESTERN POWER ,49-2250,CTX14AH-BS(FA),191361093975,CTX14AHBS,BATTERY CTX14AH FA SEALED FACT,102.99,BAT,08/27/2026,FIRE POWER,AllTerrain
3,WESTERN POWER ,490-2401,HJTZ7SL-FP-B,191361313363,HJTZ7SL-FP-B,FEATHERWEIGHT LITHIUM BATTERY 145 CCA ,159.95,BAT,08/27/2026,FIRE POWER,AllTerrain
2,WESTERN POWER ,532-0132,AC-06688BK,191361354762,AC-06688BK,"WHEEL SPACER ADAPTER 1"" 4/4 TO 4/110 12MM ",134.95,WHL,09/01/2026,OPEN TRAIL,AllTerrain
1,WESTERN POWER ,87-4363S,87-4363 STICKY,191361315800,,SHINKO 110/90-19 R505 CHEATER,154.95,DTR,08/19/2025,SHINKO,AllTerrain
1,WESTERN POWER ,87-4702,E804 90/90-21 54T ,191361317477,,SHINKO E804 90/90-21 54T TL,146.95,TIR,04/22/2026,SHINKO,AllTerrain
19,KAWASAKI,CR6HSA,,CR6HSA,,SPARK PLUG CR6HSA,4.99,PLG,08/28/2026,,AllTerrain
4,WESTERN POWER ,3-153157,15S3-3157,748252682390,15S3-3157,SB4 BL WHEEL 15X7 4+3 (+15MM) 4/156 MATTE ,248.45,WHL,06/16/2026,SYSTEM 3,AllTerrain
1,PARTS UNLIMITED,32KY40,45605964,697662104537,32KY-40,D404 130/90H16 FRONT,179.95,TIR,07/08/2026,DUNLOP,AllTerrain
2,WESTERN POWER ,49-2305,CTX20H (FA) FT,191361401121,CTX20H (FA) FT,BATTERY CTX20H (FA) FT SEALED FACTORY ,157.99,BAT,06/18/2025,FIRE POWER,AllTerrain
4,WESTERN POWER ,3-1478,S3-1568,850046479830,S3-1568,TIRE RX600 35X10R-15,341.02,ATR,06/04/2026,SYSTEM 3,AllTerrain
3,WESTERN POWER ,577-9038,TM00436000,4717784526881,TM00436000,TIRE CARNIVORE RT 32X10R15 8PR,346.00,ATR,06/17/2025,MAXXIS,AllTerrain
1,WESTERN POWER ,874-1119,11449,092971302498,,BRIDGESTONE TIRE BATTLAX HYPERSPORT S22 ,250.05,TIR,08/22/2025,BRIDGESTONE,AllTerrain
4,VALOR OFFROAD,V14-1570P2037RB,,,,V14 15X7 +20MM 4X137 ROOT BEER,180.00,WHL,03/17/2026,,AllTerrain
5,WESTERN POWER ,570-2027,A21B-57056+10S,682108275988,A21B-57056+10S,SANO BDLK WHEEL 15X7 4/156 5+2,335.95,WHL,03/12/2026,SEDONA,AllTerrain
4,PARTS UNLIMITED,02301420,A12SB57056+38,682108293470,A12SB57056+38,WHEEL SQUAD SLVR W/ BLK RING 15X7 4X156 ,299.00,WHL,03/13/2026,RACELINE WHEELS,AllTerrain
3,ARCTIC CAT,0217-719,,87295154779,,"SPARK PLUG,  KR8AI",25.99,PLG,03/04/2022,,AllTerrain
2,PARTS UNLIMITED,03120497,13848,092971311407,13848,TIRE X31 90/100-21 57M,166.11,DTR,08/13/2026,BRIDGESTONE,Rifle
4,VALOR OFFROAD,V09-1570P4006SB,,,,VALOR V09 15X7 40MM 6X139.7 SATIN BLACK,375.00,WHL,07/14/2026,,AllTerrain
2,WESTERN POWER ,874-1124,11450,092971374068,11450,TIRE BATTLAX HYPERSPORT S22 RR 180/55ZR17 ,297.71,TIR,03/25/2026,BRIDGESTONE,AllTerrain
1,WESTERN POWER ,52-2625,0110192,191361083730,0110192,WHEEL CHOCK HARDWARE REPLACEMENT KIT,44.95,WHL,,FIRE POWER,AllTerrain
4,TURN 14 ,MRWMR40147047543,MR40147047543B,191682007477,MR40147047543B,MR401 14X7 4/136 4+3 SBL MB,345.00,WHL,04/30/2024,METHOD WHEELS,AllTerrain
4,WESTERN POWER ,570-5410,570-5410,191361554247,570-5410,TIRE RIDGE RIPR 28X10.00R14 8PR LR785,253.95,TIR,04/30/2026,SEDONA,AllTerrain
3,WESTERN POWER ,570-5413,570-5413,191361554278,570-5413,TIRE RIDGE RIPR 30X10.00R15 8PR LR880,262.95,ATR,04/30/2026,SEDONA,AllTerrain
4,WESTERN POWER ,570-9134,A-S24G-57056+10,191361571435,A-S24G-57056+10,CLUTCH BDLK WHEEL 15X7 4/156 +10MM ,335.71,WHL,05/12/2026,SEDONA,AllTerrain
4,WESTERN POWER ,570-9136,A-S24G-56560+72,191361571459,A-S24G-56560+72,CLUTCH BDLK WHEEL 15X7 6/5.5 +72MM ,328.57,WHL,05/05/2026,SEDONA,AllTerrain
4,WESTERN POWER ,570-9142,A-S24B-56560+72,191361571510,A-S24B-56560+72,CLUTCH BDLK WHEEL 15X7 6/5.5 +72MM BLK,328.57,WHL,05/12/2026,SEDONA,AllTerrain
4,WESTERN POWER ,3-1068,S3-1068,748252682390,S3-1068,TIRE DX440 35X10R-15,315.29,ATR,07/21/2026,SYSTEM 3,AllTerrain
1,PARTS UNLIMITED,03120047,65846,092971221324,0312-0047,TIRE M59 80/100-21 TT,157.96,DTR,06/03/2026,BRIDGESTONE,AllTerrain
1,WESTERN POWER ,874-1159,8783,092971343385,8783,TIRE BATTLAX SC2 FRONT 120/70R14 55H ,162.47,TIR,,BRIDGESTONE,AllTerrain
22,POLARIS,3021671,,,,RC7YC3 SPARK PLUG,5.99,PLG,08/25/2026,,Rifle
20,POLARIS,3022082,,,,SPARK PLUG (10),5.99,PLG,08/25/2026,,Rifle
14,KTM OEM,45239093000,,,LR8B,LR8B/SPARK PLUG,9.99,PLG,01/06/2026,,Rifle
5,BRP ,278002223,,,BPR7HS,BPR7HS/SPARK PLUG,2.99,PLG,,,Rifle
1,BRP ,415130154,,,ILKR8Q7,ILKR8Q7/SPARK PLUG,24.99,PLG,03/29/2024,,Rifle
5,BRP ,415129449,,,DCPR8EIX,DCPR8EIX/SPARK PLUG,16.99,PLG,,,Rifle
1,WESTERN POWER ,490-2902,030-0016-07-02,191361493928,030-0016-07-02,BATTERY CHARGER 6V/12V 5.1A,121.99,BAT,03/07/2026,FIRE POWER,AllTerrain
4,BRP ,515176726,,,BR8ECSIX,BR8ECSIX/SPARK PLUG,18.99,PLG,,,Rifle
2,BRP ,515176733,,,DR8EIX,SPARK PLUG DR8EIX,11.99,PLG,,,Rifle
2,WESTERN POWER ,87-4764,87-4764,191361320064,87-4764,TIRE 244 SERIES FRONT/REAR 3.50-18 62P BIAS ,103.95,DTR,03/12/2026,SHINKO,AllTerrain
8,POLARIS,3088051,,P3088051,3088051,"PLUG,SPARK DCPR8E(10) read comments",9.99,PLG,03/11/2026,,AllTerrain
4,WESTERN POWER ,490-2428,HJTZ5SL-FPZ-B,191361313462,HJTZ5SL-FPZ-B,FEATHERWEIGHT LITHIUM BATTERY 165 CCA ,173.95,BAT,08/27/2026,FIRE POWER,AllTerrain
4,WESTERN POWER ,2-BPR8ES,3923,087295139233,3923,SPARK PLUG #3923/04,5.99,PLG,03/11/2026,NGK,Rifle
8,WESTERN POWER ,2-BPR9ES-S,7788,087295177884,7788,SPARK PLUG #7788/04 SOLID,5.99,PLG,01/07/2026,NGK,Rifle
2,WESTERN POWER ,2-BR8ECS-S,4172,087295141724,4172,SPARK PLUG #4172/10 SOLID,16.99,PLG,01/18/2024,NGK,Rifle
4,WESTERN POWER ,2-BR8ES,5422,087295154229,5422,SPARK PLUG #5422/04,5.99,PLG,04/25/2025,NGK,Rifle
4,WESTERN POWER ,2-BR9EYA,7548,087295175484,7548,SPARK PLUG #7548/04 A/C,7.99,PLG,03/31/2026,NGK,Rifle
6,WESTERN POWER ,2-CPR7EA9,3901,087295139011,3901,SPARK PLUG #3901/04,13.99,PLG,04/25/2025,NGK,Rifle
1,WESTERN POWER ,2-CR7E,4578,087295145784,4578,SPARK PLUG #4578/04,13.99,PLG,04/25/2025,NGK,Rifle
12,WESTERN POWER ,2-CR7EB,4663,087295146637,4663,SPARK PLUG #4663/04,12.99,PLG,01/18/2024,NGK,Rifle
4,WESTERN POWER ,2-D7EA,7912,087295179123,D7EA,SPARK PLUG #7912/10 D7EA,5.99,PLG,03/06/2024,NGK,Rifle
21,WESTERN POWER ,2-DCPR7E,3932,087295139325,3932,SPARK PLUG #3932/04,7.99,PLG,04/25/2025,NGK,Rifle
6,WESTERN POWER ,2-DPR8EA9,4929,087295149294,4929,SPARK PLUG #4929/10,5.99,PLG,07/22/2026,NGK,Rifle
3,WESTERN POWER ,2-CR7HSA,4549,087295145494,4549,SPARK PLUG #4549/04,5.99,PLG,08/05/2026,NGK,Rifle
6,WESTERN POWER ,2-CR6E,6965,087295169650,6965,SPARK PLUG #6965/04,13.99,PLG,07/29/2026,NGK,Rifle
4,WESTERN POWER ,2-IFR8H11,5068,087295150689,5068,SPARK PLUG #5068/04,29.99,PLG,07/29/2026,NGK,Rifle
2,WESTERN POWER ,2-BPR4HS,7823,087295178232,7823,SPARK PLUG #7823/10,5.99,PLG,04/25/2025,NGK,Rifle
4,WESTERN POWER ,570-4004,MR251012,191361314049,MR251012,TIRE MUD REBEL 25X10-12 BIAS 6PR LR-420LBS,153.95,ATR,12/11/2025,SEDONA,Rifle
4,WESTERN POWER ,570-5334,570-5334,191361484414,570-5334,TIRE TRAIL SAW 2.0 35X10R-15 RADIAL 8PR LR-,402.95,ATR,04/25/2025,SEDONA,Rifle
1,WESTERN POWER ,56-8020,8020,191361439049,8020,SPARK PLUG CAP LB05E/LB05EP REPLACES ,10.99,PLG,08/20/2026,FIRE POWER,Rifle
2,WESTERN POWER ,2-PFR7AB,93322,087295933220,93322,SPARK PLUG #93322/04,42.99,PLG,04/25/2025,NGK,Rifle
4,WESTERN POWER ,2-BR9EIX,3981,087295139813,3981,SPARK PLUG #3981/04,18.99,PLG,07/10/2026,NGK,Rifle
1,WESTERN POWER ,56-8062,8062,191361439179,8062,SPARK PLUG CAP XB05F REPLACES NGK # 8062,11.99,PLG,05/29/2024,FIRE POWER,Rifle
1,WESTERN POWER ,874-1044,11457,092971348588,11457,TIRE BATTLAX ADVCROSS AX41 FR 90/90-21 54Q ,219.26,TIR,09/10/2026,BRIDGESTONE,AllTerrain
4,VALOR OFFROAD,V09-1510P0006RM,,,,V09 BEADLOCK 15X10 +0 6X139.7 RAW ,425.00,WHL,09/11/2026,,AllTerrain
1,WESTERN POWER ,870-1004,MX9010014,191361368813,,SEDONA 90/100-14 MX887IT REAR,86.95,DTR,07/08/2026,SEDONA,AllTerrain
3,WESTERN POWER ,49-2245,CTX7L-BS (FA),191361093920,CTX7L-BS (FA),BATTERY CTX7L SEALED FACTORY ACTIVATED,59.99,BAT,09/01/2026,FIRE POWER,Rifle
8,KAWASAKI,IFR5L11,,IFR5L11,,SPARK PLUG IFR5L11,25.99,PLG,05/28/2010,,AllTerrain
5,KAWASAKI,R6918C9,,R6918C9,R6918C-9,NGK RACING SPARK PLUG,55.99,PLG,,,AllTerrain
1,PARTS UNLIMITED,03130952,13851,092971113162,13851,TIRE X31 110/100-18 64M,165.92,DTR,09/11/2026,BRIDGESTONE,AllTerrain
2,PARTS UNLIMITED,03200906,6P0529,,6P0529,TIRE MUD LITE II 26X9-12,198.62,ATR,09/11/2026,ITP,AllTerrain
4,KAWASAKI,BR5HS,,BR5HS,,SPARK PLUG BR5HS,3.99,PLG,11/21/2014,,AllTerrain
3,KAWASAKI,C7HSA,,C7HSA,087295146293,TR380030,4.99,PLG,06/10/2026,,AllTerrain
7,KAWASAKI,CR5HSA,,CR5HSA,,SPARK PLUG CR5HSA,4.99,PLG,06/26/2026,,AllTerrain
1,KAWASAKI,CR6HS,,CR6HS,CR6HS,NGK SPARK PLUG,4.99,PLG,03/14/2017,,AllTerrain
2,KAWASAKI,CR7HS,,CR7HS,087295172230,TR380031,4.99,PLG,02/07/2023,,AllTerrain
8,KAWASAKI,D9EA,,D9EA,D9EA,NGK SPARK PLUG,4.99,PLG,07/14/2005,,AllTerrain
1,KAWASAKI,DCPR7E,,DCPR7E,,SPARK PLUG DCPR7E,5.99,PLG,04/30/2024,,AllTerrain
18,KAWASAKI,DPR8Z,,DPR8Z,087295147306,TR380150,5.99,PLG,08/06/2021,,AllTerrain
14,KAWASAKI,DPR9EA9,,DPR9EA9,DPR9EA-9,NGK SPARK PLUG,4.99,PLG,03/23/2010,,AllTerrain
8,Husqavarna - East of ,54739093000,,,,SPARK PLUG NGK BR7ES,7.99,PLG,09/01/2026,,AllTerrain
8,KAWASAKI,DR8HS,,DR8HS,087295151235,TR380069,4.99,PLG,,,AllTerrain
19,KAWASAKI,DR9EA,,DR9EA,,TR380162,4.99,PLG,04/06/2023,,AllTerrain
3,WESTERN POWER ,2-CR8E,1275,087295112755,1275,SPARK PLUG #1275/04,13.99,PLG,04/07/2026,NGK,Rifle
4,PARTS UNLIMITED,03200985,40964,086699409645,0320-0985,TIRE BFG KM3 32X10R15,312.99,ATR,09/09/2026,BF GOODRICH,AllTerrain
2,PARTS UNLIMITED,03120378,45236531,333693A100,45236531,TIRE MX53 60/100-14,64.95,DTR,08/15/2026,DUNLOP,AllTerrain
3,METAL FX WHEELS,78320,,,,Delta R Beadlock | Satin Black 15x7 | +38mm/5+2 | ,379.99,WHL,04/09/2026,,AllTerrain
1,YAMAHA (866-488-,BTX-14AH0-00-00,,BTX14AH00000,,BS SLA - BTX14AH/BB14-A2/B2 FA,104.99,BAT,04/09/2026,,AllTerrain
36,POLARIS,4014132-P,,,,"BATTERY-575 CCA,FLOODED,SVC",174.99,BAT,05/19/2026,,AllTerrain
2,PARTS UNLIMITED,21030215,DT13SPH,,,SPARK PLUG CARRIERS MSE,6.99,PLG,08/07/2026,MOOSE OFFROAD,AllTerrain
1,PARTS UNLIMITED,03021352,11450,092971112134,11450,TIRE S22 180/55ZR17 73W,297.71,TIR,12/16/2025,BRIDGESTONE,AllTerrain
4,PARTS UNLIMITED,B8S,3810,087295138106,3810,SPARK PLUG NGK,6.99,PLG,,NGK SPARK PLUGS,AllTerrain
1,PARTS UNLIMITED,JR9C,6193,087295161937,6193,SPARK PLUG NGK,12.99,PLG,,NGK SPARK PLUGS,AllTerrain
4,PARTS UNLIMITED,03201116,TM00187000,4717784521046,TM00187000,TIRE RAMPAGE 32X10R15 8PR,366.00,ATR,06/19/2025,MAXXIS,AllTerrain
1,PARTS UNLIMITED,03010794,11449,092971318314,11449,TIRE S22 120/70ZR17 58W,250.05,TIR,12/16/2025,BRIDGESTONE,AllTerrain
1,PARTS UNLIMITED,03020847,32571,086699325716,32571,TIRE RD 4 190/50ZR17 73W,310.95,TIR,07/29/2025,MICHELIN,AllTerrain
1,PARTS UNLIMITED,03120497,13848,092971311407,13848,TIRE X31 90/100-21 57M,166.11,DTR,06/03/2026,BRIDGESTONE,AllTerrain
1,PARTS UNLIMITED,03120496,13847,092971311438,13847,TIRE X31 80/100-21 51M,147.48,DTR,08/21/2026,BRIDGESTONE,AllTerrain
1,PARTS UNLIMITED,K76012,047601709C0,,146C2038,TRAK MASTER 130/90-17,108.95,TIR,07/29/2026,KENDA,AllTerrain
6,POLARIS,3024695,,,,SPARKPLUG-12MM(4),11.99,PLG,08/25/2026,,AllTerrain
3,PARTS UNLIMITED,03190135,TM00090100,4717784510521,TM00090100,TIRE BIGHORN 2.0 25X8R12,193.00,ATR,10/14/2025,MAXXIS,AllTerrain
4,WESTERN POWER ,49-2281,CTX14AH-BS,191361094248,CTX14AH-BS,BATTERY CTX14AH-BS MAINTENANCE,103.99,BAT,09/19/2023,FIRE POWER,AllTerrain
1,WESTERN POWER ,490-2426,HJ04L-FP-B,191361313455,HJ04L-FP-B,FEATHERWEIGHT LITHIUM BATTERY 120 CCA ,141.99,BAT,04/30/2026,FIRE POWER,AllTerrain
2,PARTS UNLIMITED,RCB14LA2,,,RCB14L-A2,BATTERY #YB14L-A2,77.99,BAT,03/19/2026,PARTS UNLIMITED,AllTerrain
1,SHERCO ,7388,,,,BATTERY LITHIUM BSLI-02,141.88,BAT,,,AllTerrain
6,YAMAHA (866-488-,BTX-20HL0-00-00,,BTX20HL00000,,BS SLA - BTX20HL (FA),146.99,BAT,08/21/2026,,AllTerrain
19,POLARIS,4014609,,P4014609,4014609,"BATTERY-30AH,12 VOLT,AGM IX30L",209.99,BAT,09/10/2026,,AllTerrain
1,WESTERN POWER ,49-2292,CT7B-4,191361094347,CT7B-4,BATTERY CT7B-4 SEALED FACTORY,68.99,BAT,09/10/2026,FIRE POWER,AllTerrain
2,PARTS UNLIMITED,21130863,300697,3661453006970,300697,BATTERY BS BTZ12S-BS,126.99,BAT,03/19/2026,BS BATTERY,AllTerrain
8,WESTERN POWER ,577-0386,TM00117400,4717784521671,TM00117400,TIRE ROXXZILLA CMP CMPD 35X10R15 8PR,414.00,ATR,06/03/2026,MAXXIS,Rifle
2,PARTS UNLIMITED,03021691,45247185,848983023612,45247185,TIRE Q5 180/55ZR17 (,321.95,TIR,07/29/2025,DUNLOP,AllTerrain
1,PARTS UNLIMITED,03021694,45247188,848983023643,45247188,TIRE Q5 190/55ZR17 (,374.95,TIR,06/27/2023,DUNLOP,AllTerrain
4,PARTS UNLIMITED,21030013,3653,087295136539,IMR8C9H,SPARK PLUG NGK IMR8C,29.99,PLG,05/07/2026,NGK SPARK PLUGS,AllTerrain
4,WESTERN POWER ,577-0226,TM00207900,4717784521695,TM00207900,TIRE LIBERTY F/R 32X10R15 LR,333.00,ATR,,MAXXIS,Rifle
1,WESTERN POWER ,87-4528,87-4528,191361319051,,DS705 90/90-21,117.95,TIR,07/02/2026,SHINKO,AllTerrain
4,PARTS UNLIMITED,21030222,95627,087295956274,95627,LMAR8 SPARK PLUG NGK ,20.99,PLG,03/19/2026,NGK SPARK PLUGS,AllTerrain
1,CF MOTO,31021100,,,MISCELLANE,BATTERY,83.99,BAT,07/31/2026,,AllTerrain
10,PARTS UNLIMITED,02230220,SPMO3807L4,,SPMO3807L4,LUGNT 12X1.50 SPLN C,26.95,WHL,09/09/2026,MOOSE OFFROAD,AllTerrain
1,PARTS UNLIMITED,03020848,03114,086699031143,03114,TIRE RD 4 190/55ZR17,319.95,TIR,07/31/2025,MICHELIN,AllTerrain
1,PARTS UNLIMITED,03160445,3735300,8019227373530,3735300,TIRE KAR STR 90/90-2,174.87,TIR,08/11/2023,METZELER,AllTerrain
2,PARTS UNLIMITED,02230223,SPMO3803BL4,,SPMO3803BL4,LUGNT 3/8 SPLIND BLK,26.95,WHL,09/05/2026,MOOSE OFFROAD,AllTerrain
5,PARTS UNLIMITED,02230225,SPMO03806BL4,,SPMO03806BL4,LUGNT 12X1.25 SPLN B,26.95,WHL,09/11/2026,MOOSE OFFROAD,AllTerrain
1,PARTS UNLIMITED,21040391,103121M,688966009284,103121M,CAP SPARK PLUG T TYP,12.99,PLG,03/03/2026,K&S TECHNOLOGIES,AllTerrain
1,PARTS UNLIMITED,21040392,103121MA,688966009291,103121MA,CAP SPARK PLUG T TYP,12.99,PLG,05/27/2026,K&S TECHNOLOGIES,AllTerrain
1,PARTS UNLIMITED,21040395,105122,688966009321,105122,CAP SPARK PLUG 102 1,10.99,PLG,12/05/2023,K&S TECHNOLOGIES,AllTerrain
5,PARTS UNLIMITED,21130644,300631,3661451001311,300631,BATTERY BS BIX30L-FA,185.95,BAT,09/05/2026,BS BATTERY,AllTerrain
2,PARTS UNLIMITED,03201142,0901360,,0901360,TIRE RATTLER MSE 20X11x9,104.95,ATR,06/26/2026,MOOSE OFFROAD,AllTerrain
2,PARTS UNLIMITED,03201146,1017360,,1017360,TIRE RATTLER MSE 21X7x10,81.95,ATR,06/26/2026,MOOSE OFFROAD,AllTerrain
2,PARTS UNLIMITED,21130296,YUAM716GH,048493827162,YUAM716GH,BATTERY GYZ16H,193.95,BAT,08/06/2026,YUASA,AllTerrain
1,PARTS UNLIMITED,03130899,1225376,,,TIRE BITE MX 2.50-12,36.95,DTR,04/17/2026,AMS,AllTerrain
1,PARTS UNLIMITED,21130619,300641,3661451001410,300641,BATTERY BS BT7B-4 BT7BBS (Fa,82.99,BAT,09/09/2026,BS BATTERY,AllTerrain
3,PARTS UNLIMITED,21130638,300688,3661453006888,300688,BATTERY BS BTX20H FA,151.99,BAT,04/17/2026,BS BATTERY,AllTerrain
1,PARTS UNLIMITED,21130623,300643,3661451001434,,BATTERY BS BT12B-4 S,101.99,BAT,05/27/2026,BS BATTERY,AllTerrain
2,PARTS UNLIMITED,21130630,300674,3661453006741,300674,BATTERY BS BTX9 (FA),101.99,BAT,09/09/2026,BS BATTERY,AllTerrain
2,DUCATI CAGIVA,67090171A,,,,SPARK PLUG,43.02,PLG,05/06/2026,,AllTerrain
8,VALOR OFFROAD,V13-1570P1056DT,,,,V13 Beadlock UTV Wheel Dark Tint Size: 15x7 ,315.00,WHL,04/28/2026,,AllTerrain
4,VALOR OFFROAD,V07-1570P2556SB,,,,V07 Beadlock UTV Wheel Satin Black Size:15x7 ,309.00,WHL,04/28/2026,,AllTerrain
2,PARTS UNLIMITED,03130507,3106,092971195410,0313-0507,TIRE X30 120/80-19 63M,177.05,DTR,05/27/2026,BRIDGESTONE,AllTerrain
4,PARTS UNLIMITED,03200958,6P0809,,0320-0958,TIRE COYOTE 32X10R-15,373.38,ATR,04/21/2026,ITP,AllTerrain
1,PARTS UNLIMITED,21130620,300642,3661451001427,300642,BATTERY BS BT9B-4 (FA),101.99,BAT,08/15/2026,BS BATTERY,AllTerrain
1,PARTS UNLIMITED,21130625,300644,3661451001441,300644,BATTERY BS BT14B-4 (,107.99,BAT,06/26/2026,BS BATTERY,AllTerrain
3,PARTS UNLIMITED,21130632,300680,3661453006802,300680,BATTERY BS BTX12 (FA,114.99,BAT,09/05/2026,BS BATTERY,AllTerrain
1,PARTS UNLIMITED,03130997,45273513,354507A100,45273513,TIRE MX34 120/90-18,142.95,DTR,03/19/2026,DUNLOP,AllTerrain
2,PARTS UNLIMITED,21130754,300756,3564093007560,300756,BATTERY BT4B-5 SLA,63.99,BAT,09/09/2026,BS BATTERY,AllTerrain
2,PARTS UNLIMITED,03200944,251T2061,,251T2061,TIRE SPLITTER 26X9-12 6P,109.95,ATR,12/12/2025,MOOSE OFFROAD,AllTerrain
1,PARTS UNLIMITED,YTX20HLBSPW,YUAM620BHPW,048493621241,YUAM620BHPW,BATT-MNT FREE .93 LITR,173.95,BAT,,YUASA,AllTerrain
5,PARTS UNLIMITED,21030036,3764,0087295137642,3764,SPARK PLUG NGK BKR6EIX-11,17.99,PLG,,NGK SPARK PLUGS,AllTerrain
1,PARTS UNLIMITED,YT12BBS,YUAM6212B,,YUAM6212B,BATTERY YUASA .52 LITER YT12B-BS,175.99,BAT,10/31/2024,YUASA,AllTerrain
1,PARTS UNLIMITED,21130937,300931,3564093009311,300931,BATTERY BS BGZ16H SLA MAX,177.99,BAT,06/11/2026,BS BATTERY,AllTerrain
4,PARTS UNLIMITED,03201445,1428360,,1428360,TIRE MOOSE DRACO 28X10R14,248.95,ATR,12/17/2024,MOOSE OFFROAD,AllTerrain
4,PARTS UNLIMITED,03201450,1535360,,1535360,TIRE MOOSE DRACO 35X10R15,362.95,ATR,08/14/2026,MOOSE OFFROAD,AllTerrain
1,PARTS UNLIMITED,21130034,YUAM6RH4H,048493674445,YUAM6RH4H,BATTERY YTX14H-BS .69LTR,142.95,BAT,,YUASA,AllTerrain
1,PARTS UNLIMITED,03131070,45261505,353299A100,45261505,TIRE AT82 120/90-18 65M,143.95,DTR,06/11/2026,DUNLOP,AllTerrain
4,PARTS UNLIMITED,21130933,300935,3564093009359,300935,BATTERY BS BGZ32HL SLA MAX	,275.95,BAT,05/02/2026,BS BATTERY,AllTerrain
1,PARTS UNLIMITED,03170654,3967000,8019227396706,3967000,TIRE MT90 120/90-17 64S,268.25,TIR,12/16/2025,PIRELLI,AllTerrain
8,PARTS UNLIMITED,DS325754,GTX14BS,,GTX14BS,SLD. BATT X REF YTX14-BS,94.99,BAT,,POWER MAX,AllTerrain
1,PARTS UNLIMITED,03170004,1421900,8019227142198,1421900,TIRE MT90AT 150/70R18 RR,273.02,TIR,12/16/2025,PIRELLI,AllTerrain
1,PARTS UNLIMITED,BR7EIX,6664,087295166642,6664,SPARK PLUG NGK IRIDIUM,17.99,PLG,08/06/2026,NGK SPARK PLUGS,AllTerrain
1,PARTS UNLIMITED,03131190,45278513,,45278513,TIRE 120/90-18 65M DUN GEOMAX MX54 RR,142.95,DTR,08/21/2026,DUNLOP,AllTerrain
4,PARTS UNLIMITED,21030565,92729,087295927298,LMAR8GI-8,SPARK PLUG (LMAR8GI-8),29.99,PLG,05/27/2026,NGK SPARK PLUGS,AllTerrain
1,WESTERN POWER ,873-0791,45273512,711484195259,45273512,TIRE GEOMAX MX34 REAR 110/100-18 64M BIAS ,137.95,DTR,03/19/2026,DUNLOP,AllTerrain
1,WESTERN POWER ,873-0795,45273516,711484195259,45273516,TIRE GEOMAX MX34 REAR 120/80-19 63M BIAS TT,157.95,DTR,12/18/2025,DUNLOP,AllTerrain
1,WESTERN POWER ,873-0189,45605542,191361263408,45605542,TIRE D404 REAR 130/90-17 68H BIAS TT,169.95,TIR,,DUNLOP,AllTerrain
2,WESTERN POWER ,873-1646,45278506,848983039866,45278506,TIRE GEOMAX MX54 FRONT 80/100-21 51M BIAS ,131.95,DTR,05/26/2026,DUNLOP,Rifle
Parts Inventory: 1205 records,,,,,,,,,,,
